customerID,risk_score,risk_band
CU-10000,0.0116505193188258,Stable
CU-10001,0.02711055922293706,Stable
CU-10002,0.16886025255330658,Stable
CU-10003,0.7283224534643027,At Risk
CU-10004,0.7525470794184949,Urgent
CU-10005,0.8413414954044549,Urgent
CU-10006,0.2500655496969798,Stable
CU-10007,0.8782954036565253,Urgent
CU-10008,0.23025573957176926,Stable
CU-10009,0.43977745019526104,Watching
CU-10010,0.2871079862178475,Stable
CU-10011,0.17553390167165256,Stable
CU-10012,0.009384553582815806,Stable
CU-10013,0.14428325194770117,Stable
CU-10014,0.3600420752612377,Watching
CU-10015,0.9255929781543077,Urgent
CU-10016,0.16527891265586003,Stable
CU-10017,0.24798223469313194,Stable
CU-10018,0.4299800518935591,Watching
CU-10019,0.031634188785878786,Stable
CU-10020,0.25730707540158915,Stable
CU-10021,0.4218762213642245,Watching
CU-10022,0.05363829466643171,Stable
CU-10023,0.25389693842336686,Stable
CU-10024,0.6150465359135961,At Risk
CU-10025,0.3676858723340849,Watching
CU-10026,0.4872338037849551,Watching
CU-10027,0.19859044158450675,Stable
CU-10028,0.6072644106299363,At Risk
CU-10029,0.8324021233619726,Urgent
CU-10030,0.19247579299875814,Stable
CU-10031,0.33613714180567067,Watching
CU-10032,0.014012784808839659,Stable
CU-10033,0.7124389786021005,At Risk
CU-10034,0.29105943792605016,Stable
CU-10035,0.1815222718466792,Stable
CU-10036,0.3422459402223332,Watching
CU-10037,0.7084350411042867,At Risk
CU-10038,0.22351391358211814,Stable
CU-10039,0.52885484846335,Watching
CU-10040,0.4577870950253843,Watching
CU-10041,0.7265041046334462,At Risk
CU-10042,0.7493690674129619,At Risk
CU-10043,0.06040822334137569,Stable
CU-10044,0.11059108198741745,Stable
CU-10045,0.10689088049250181,Stable
CU-10046,0.4009485100311345,Watching
CU-10047,0.12458006690591314,Stable
CU-10048,0.03844150078173366,Stable
CU-10049,0.5857212333230905,At Risk
CU-10050,0.7298747020146451,At Risk
CU-10051,0.11175440701151529,Stable
CU-10052,0.045530685268901826,Stable
CU-10053,0.24950316649841223,Stable
CU-10054,0.02250139727417917,Stable
CU-10055,0.07891025188241259,Stable
CU-10056,0.6202935540336345,At Risk
CU-10057,0.35124623353189793,Watching
CU-10058,0.30606664607108874,Watching
CU-10059,0.5693156217220157,At Risk
CU-10060,0.32711384604000243,Watching
CU-10061,0.11502251290895397,Stable
CU-10062,0.7255021167951559,At Risk
CU-10063,0.36460678148803977,Watching
CU-10064,0.3266383148301173,Watching
CU-10065,0.17143224282481476,Stable
CU-10066,0.7839037028218934,Urgent
CU-10067,0.23419288291942003,Stable
CU-10068,0.7267806466619096,At Risk
CU-10069,0.4279271880085074,Watching
CU-10070,0.4701345841112135,Watching
CU-10071,0.7095196560081599,At Risk
CU-10072,0.45000289525866793,Watching
CU-10073,0.15342363496434971,Stable
CU-10074,0.31406631145194935,Watching
CU-10075,0.2856692246154754,Stable
CU-10076,0.08378658301594549,Stable
CU-10077,0.4085479517856825,Watching
CU-10078,0.5600512895720966,At Risk
CU-10079,0.3077890129103289,Watching
CU-10080,0.03547668240580288,Stable
CU-10081,0.2949250273033102,Stable
CU-10082,0.3054435949564832,Watching
CU-10083,0.05299630742005848,Stable
CU-10084,0.7581161845710831,Urgent
CU-10085,0.3473326558380491,Watching
CU-10086,0.2733949790382385,Stable
CU-10087,0.07702782375688172,Stable
CU-10088,0.2001318928835737,Stable
CU-10089,0.4923570219918285,Watching
CU-10090,0.3280779402258616,Watching
CU-10091,0.6049695828871781,At Risk
CU-10092,0.33745530041765953,Watching
CU-10093,0.8436289949703714,Urgent
CU-10094,0.2984572247347975,Stable
CU-10095,0.6090736489846776,At Risk
CU-10096,0.595166104604092,At Risk
CU-10097,0.6102699270494552,At Risk
CU-10098,0.26870879321602825,Stable
CU-10099,0.4723651152836708,Watching
CU-10100,0.26147223262518215,Stable
CU-10101,0.19269860933543556,Stable
CU-10102,0.8726797602897902,Urgent
CU-10103,0.06776928575636351,Stable
CU-10104,0.3048423975013095,Watching
CU-10105,0.45762146819430805,Watching
CU-10106,0.16743337599877978,Stable
CU-10107,0.23153390800782386,Stable
CU-10108,0.7213558859697322,At Risk
CU-10109,0.7616218274961375,Urgent
CU-10110,0.5449847349833842,Watching
CU-10111,0.01046621477914192,Stable
CU-10112,0.28730637725269714,Stable
CU-10113,0.40409125601998525,Watching
CU-10114,0.5674439471747751,At Risk
CU-10115,0.4491605743268537,Watching
CU-10116,0.7564748341349047,Urgent
CU-10117,0.09965978131458515,Stable
CU-10118,0.5864617125363106,At Risk
CU-10119,0.27066994072341666,Stable
CU-10120,0.680347665779324,At Risk
CU-10121,0.25951445184134486,Stable
CU-10122,0.541827742499201,Watching
CU-10123,0.15304464237716503,Stable
CU-10124,0.6063659493631056,At Risk
CU-10125,0.11030169563947613,Stable
CU-10126,0.47041354667540697,Watching
CU-10127,0.8137277934858659,Urgent
CU-10128,0.2286991746573456,Stable
CU-10129,0.054001679526798727,Stable
CU-10130,0.17737707134590547,Stable
CU-10131,0.8441987918715463,Urgent
CU-10132,0.09192604528383434,Stable
CU-10133,0.0582010024787089,Stable
CU-10134,0.2781835016828444,Stable
CU-10135,0.16709350547141053,Stable
CU-10136,0.31401191592086036,Watching
CU-10137,0.02442538376328106,Stable
CU-10138,0.6021128111891597,At Risk
CU-10139,0.724989747633073,At Risk
CU-10140,0.7395106213519708,At Risk
CU-10141,0.7696276726387993,Urgent
CU-10142,0.009646922137878414,Stable
CU-10143,0.11565770064893531,Stable
CU-10144,0.1348768531425714,Stable
CU-10145,0.3420022144730825,Watching
CU-10146,0.11498740859143954,Stable
CU-10147,0.07487827239861039,Stable
CU-10148,0.7622910720904947,Urgent
CU-10149,0.4451646539604222,Watching
CU-10150,0.011530019251152698,Stable
CU-10151,0.24711627904135305,Stable
CU-10152,0.6460363880927216,At Risk
CU-10153,0.2584919986136635,Stable
CU-10154,0.43616971882270567,Watching
CU-10155,0.5179397670553247,Watching
CU-10156,0.04628659004324028,Stable
CU-10157,0.6214935892384608,At Risk
CU-10158,0.4496488607646186,Watching
CU-10159,0.4310486258626505,Watching
CU-10160,0.3626623095778904,Watching
CU-10161,0.3969792464451447,Watching
CU-10162,0.6765633103660905,At Risk
CU-10163,0.35190543876840447,Watching
CU-10164,0.11523876802645008,Stable
CU-10165,0.1410899270719027,Stable
CU-10166,0.3573919650827961,Watching
CU-10167,0.4270145296952974,Watching
CU-10168,0.7686174011363303,Urgent
CU-10169,0.5299374457225365,Watching
CU-10170,0.5727059722934794,At Risk
CU-10171,0.2830194125467275,Stable
CU-10172,0.011375466730521866,Stable
CU-10173,0.4972491475936565,Watching
CU-10174,0.2921721832062334,Stable
CU-10175,0.32683708930369987,Watching
CU-10176,0.17708190477374325,Stable
CU-10177,0.48774119910394953,Watching
CU-10178,0.7113455582315312,At Risk
CU-10179,0.49037622408989073,Watching
CU-10180,0.7966521096465679,Urgent
CU-10181,0.3283370070055178,Watching
CU-10182,0.29221275628861665,Stable
CU-10183,0.24261486042477115,Stable
CU-10184,0.5679353816637451,At Risk
CU-10185,0.586342452022697,At Risk
CU-10186,0.4226332186340014,Watching
CU-10187,0.17863065440739287,Stable
CU-10188,0.434628836684059,Watching
CU-10189,0.4083037159076974,Watching
CU-10190,0.2763528934002395,Stable
CU-10191,0.6559777841180126,At Risk
CU-10192,0.6408916827966922,At Risk
CU-10193,0.5962125323448187,At Risk
CU-10194,0.6231441290023844,At Risk
CU-10195,0.1846710873222821,Stable
CU-10196,0.5023325033507972,Watching
CU-10197,0.7255203255310346,At Risk
CU-10198,0.1396888585730812,Stable
CU-10199,0.365048768268875,Watching
CU-10200,0.07126549561383864,Stable
CU-10201,0.5276520828124157,Watching
CU-10202,0.8533736313298015,Urgent
CU-10203,0.05725859884123219,Stable
CU-10204,0.34307037533307566,Watching
CU-10205,0.24601668991701475,Stable
CU-10206,0.30218754664485553,Watching
CU-10207,0.8576099817828244,Urgent
CU-10208,0.25927321115895174,Stable
CU-10209,0.7384592694537288,At Risk
CU-10210,0.02372519290314389,Stable
CU-10211,0.7756030833751655,Urgent
CU-10212,0.5422503553574363,Watching
CU-10213,0.7442026192702219,At Risk
CU-10214,0.02968517314720739,Stable
CU-10215,0.0941056436826648,Stable
CU-10216,0.8061287772002643,Urgent
CU-10217,0.7061706537287471,At Risk
CU-10218,0.33375415717901297,Watching
CU-10219,0.08543133260626148,Stable
CU-10220,0.8533008290362181,Urgent
CU-10221,0.20179763821602245,Stable
CU-10222,0.8422235085220864,Urgent
CU-10223,0.13439749286456612,Stable
CU-10224,0.7052936992856838,At Risk
CU-10225,0.3024084927181331,Watching
CU-10226,0.5770098215768447,At Risk
CU-10227,0.4611241454247438,Watching
CU-10228,0.2464490555227877,Stable
CU-10229,0.10916289089125038,Stable
CU-10230,0.01985512368317439,Stable
CU-10231,0.10755673931675086,Stable
CU-10232,0.3092751607806575,Watching
CU-10233,0.12093031187099317,Stable
CU-10234,0.6903512755015125,At Risk
CU-10235,0.20812982633649058,Stable
CU-10236,0.09903051799090071,Stable
CU-10237,0.5373426512509044,Watching
CU-10238,0.6968742430012633,At Risk
CU-10239,0.5557867622105089,At Risk
CU-10240,0.4884071666805872,Watching
CU-10241,0.5684325866570041,At Risk
CU-10242,0.44011237293506716,Watching
CU-10243,0.09509058579235379,Stable
CU-10244,0.1169491231548646,Stable
CU-10245,0.12723101574770312,Stable
CU-10246,0.4797541042402363,Watching
CU-10247,0.26462812965522314,Stable
CU-10248,0.5086380595551724,Watching
CU-10249,0.40967271228382046,Watching
CU-10250,0.5326116622875064,Watching
CU-10251,0.41857060025333714,Watching
CU-10252,0.5245338689225791,Watching
CU-10253,0.10789152713533849,Stable
CU-10254,0.6609179132716939,At Risk
CU-10255,0.4070480590753686,Watching
CU-10256,0.2024921590819107,Stable
CU-10257,0.14265401253628385,Stable
CU-10258,0.20989020732021071,Stable
CU-10259,0.19180350709742278,Stable
CU-10260,0.4554232167240804,Watching
CU-10261,0.2722028341688118,Stable
CU-10262,0.42483100521856126,Watching
CU-10263,0.1882224231660898,Stable
CU-10264,0.3281592532163746,Watching
CU-10265,0.5700820514364736,At Risk
CU-10266,0.4997790229747197,Watching
CU-10267,0.42046036729833003,Watching
CU-10268,0.33939227399389743,Watching
CU-10269,0.01756288058388224,Stable
CU-10270,0.7096494284071875,At Risk
CU-10271,0.06809757161471544,Stable
CU-10272,0.02569273260874222,Stable
CU-10273,0.7195396324509169,At Risk
CU-10274,0.2947846783266056,Stable
CU-10275,0.40942667896205964,Watching
CU-10276,0.8783070613021043,Urgent
CU-10277,0.0920397053024064,Stable
CU-10278,0.2603987409212922,Stable
CU-10279,0.11225210672070364,Stable
CU-10280,0.4368861437157159,Watching
CU-10281,0.30765819182899645,Watching
CU-10282,0.5225826293893848,Watching
CU-10283,0.5446506012979992,Watching
CU-10284,0.07055751641085392,Stable
CU-10285,0.6785992841183606,At Risk
CU-10286,0.053846751627185586,Stable
CU-10287,0.05596266383985317,Stable
CU-10288,0.008005867544585384,Stable
CU-10289,0.09948388960593053,Stable
CU-10290,0.3343990673331296,Watching
CU-10291,0.30555260743442925,Watching
CU-10292,0.10118119484196625,Stable
CU-10293,0.07563983226836311,Stable
CU-10294,0.7070755133332459,At Risk
CU-10295,0.7018595162944533,At Risk
CU-10296,0.08814786597996399,Stable
CU-10297,0.624610251501212,At Risk
CU-10298,0.037077423125904244,Stable
CU-10299,0.46526689555463796,Watching
CU-10300,0.8339840330755619,Urgent
CU-10301,0.3200483659027937,Watching
CU-10302,0.05512657550055072,Stable
CU-10303,0.5346914364068025,Watching
CU-10304,0.4597383466801596,Watching
CU-10305,0.6136823470916383,At Risk
CU-10306,0.2430268311481156,Stable
CU-10307,0.76692989917908,Urgent
CU-10308,0.17193639726748416,Stable
CU-10309,0.6325366448566817,At Risk
CU-10310,0.427340632524019,Watching
CU-10311,0.6406484306885061,At Risk
CU-10312,0.29665108857506406,Stable
CU-10313,0.5539751766709071,At Risk
CU-10314,0.031174126622449713,Stable
CU-10315,0.7594276561628218,Urgent
CU-10316,0.3358163905264391,Watching
CU-10317,0.40829820250765503,Watching
CU-10318,0.7367954946892393,At Risk
CU-10319,0.14980876857512246,Stable
CU-10320,0.1049642412053034,Stable
CU-10321,0.6556142078204217,At Risk
CU-10322,0.3455519940255072,Watching
CU-10323,0.2639683480098809,Stable
CU-10324,0.09269650079668974,Stable
CU-10325,0.7708428977018988,Urgent
CU-10326,0.6186948937508193,At Risk
CU-10327,0.40967012935270747,Watching
CU-10328,0.03293840890165762,Stable
CU-10329,0.05435028509875529,Stable
CU-10330,0.15678414810183341,Stable
CU-10331,0.08934154851388902,Stable
CU-10332,0.6236089751986675,At Risk
CU-10333,0.638584764057704,At Risk
CU-10334,0.36958827108754194,Watching
CU-10335,0.39979040308842395,Watching
CU-10336,0.09909493423311075,Stable
CU-10337,0.6311355684705864,At Risk
CU-10338,0.4959977002924919,Watching
CU-10339,0.0655342775364783,Stable
CU-10340,0.2964412663258063,Stable
CU-10341,0.6017056685312168,At Risk
CU-10342,0.43650033049425263,Watching
CU-10343,0.07268517250771324,Stable
CU-10344,0.3767524748828681,Watching
CU-10345,0.21044419331156353,Stable
CU-10346,0.19250083093976272,Stable
CU-10347,0.4881032015309887,Watching
CU-10348,0.055068330795374466,Stable
CU-10349,0.755293408188001,Urgent
CU-10350,0.6957583535874144,At Risk
CU-10351,0.5417985445418244,Watching
CU-10352,0.25767275995004557,Stable
CU-10353,0.22817064331548514,Stable
CU-10354,0.5945134649049421,At Risk
CU-10355,0.030309509751261416,Stable
CU-10356,0.6710871708026396,At Risk
CU-10357,0.7168301248996155,At Risk
CU-10358,0.5056671418362682,Watching
CU-10359,0.6937054240608308,At Risk
CU-10360,0.5194878880336589,Watching
CU-10361,0.07251972080781963,Stable
CU-10362,0.6469928503943883,At Risk
CU-10363,0.4891241266056028,Watching
CU-10364,0.0722092518334754,Stable
CU-10365,0.31121605351680875,Watching
CU-10366,0.12548802265098222,Stable
CU-10367,0.03850657152609409,Stable
CU-10368,0.18763428756262118,Stable
CU-10369,0.514488608353838,Watching
CU-10370,0.5518540204139475,At Risk
CU-10371,0.8967202638034976,Urgent
CU-10372,0.6461802280399407,At Risk
CU-10373,0.05903476321970122,Stable
CU-10374,0.11741255890613668,Stable
CU-10375,0.3988195755857935,Watching
CU-10376,0.8694350280954268,Urgent
CU-10377,0.09810785220039381,Stable
CU-10378,0.6608704971961323,At Risk
CU-10379,0.1132582370065493,Stable
CU-10380,0.39275341097462074,Watching
CU-10381,0.0641067302549418,Stable
CU-10382,0.5288928587414863,Watching
CU-10383,0.4457772041165732,Watching
CU-10384,0.4089802835066478,Watching
CU-10385,0.08873292337366516,Stable
CU-10386,0.355295768109172,Watching
CU-10387,0.09673472118761994,Stable
CU-10388,0.17266547754572942,Stable
CU-10389,0.5372386083323129,Watching
CU-10390,0.14875547289897903,Stable
CU-10391,0.547522897959499,Watching
CU-10392,0.1517779966324545,Stable
CU-10393,0.37857705075671555,Watching
CU-10394,0.6336589596793022,At Risk
CU-10395,0.6557465166161877,At Risk
CU-10396,0.2758996878660336,Stable
CU-10397,0.779353398557697,Urgent
CU-10398,0.02946954915917579,Stable
CU-10399,0.09831281502929844,Stable
CU-10400,0.4743849608630685,Watching
CU-10401,0.3408765804669553,Watching
CU-10402,0.006994765763569788,Stable
CU-10403,0.6560592296825893,At Risk
CU-10404,0.6022522891105042,At Risk
CU-10405,0.49521544847092325,Watching
CU-10406,0.28988691022951996,Stable
CU-10407,0.09753614792225497,Stable
CU-10408,0.7144802194215841,At Risk
CU-10409,0.06897466225234591,Stable
CU-10410,0.3310197592657454,Watching
CU-10411,0.7890129519068269,Urgent
CU-10412,0.6421193821944048,At Risk
CU-10413,0.6494737948309071,At Risk
CU-10414,0.11835349569726959,Stable
CU-10415,0.37743823295291007,Watching
CU-10416,0.3445696057838789,Watching
CU-10417,0.2487726628664123,Stable
CU-10418,0.09877367519013638,Stable
CU-10419,0.1838800052967388,Stable
CU-10420,0.1854824218103774,Stable
CU-10421,0.6733398425827755,At Risk
CU-10422,0.08962351090644541,Stable
CU-10423,0.022731013204538242,Stable
CU-10424,0.2863537577428372,Stable
CU-10425,0.4784882438981422,Watching
CU-10426,0.15784815488110376,Stable
CU-10427,0.35294107695589516,Watching
CU-10428,0.21055296341468938,Stable
CU-10429,0.24895220192112133,Stable
CU-10430,0.5275442411773312,Watching
CU-10431,0.011171144870945046,Stable
CU-10432,0.4330503332621583,Watching
CU-10433,0.17466938068733007,Stable
CU-10434,0.09372695866330083,Stable
CU-10435,0.6484808846626168,At Risk
CU-10436,0.26004835153377154,Stable
CU-10437,0.25988784468382037,Stable
CU-10438,0.024882690778949564,Stable
CU-10439,0.21990226171355085,Stable
CU-10440,0.371421766575906,Watching
CU-10441,0.23721556692966428,Stable
CU-10442,0.8044092033020087,Urgent
CU-10443,0.5225111588467385,Watching
CU-10444,0.18479714320663093,Stable
CU-10445,0.10776612396717287,Stable
CU-10446,0.46250116993011015,Watching
CU-10447,0.15700312298895497,Stable
CU-10448,0.07348487020328388,Stable
CU-10449,0.10160785565445618,Stable
CU-10450,0.8116516147316112,Urgent
CU-10451,0.36065755148422696,Watching
CU-10452,0.22295320381064349,Stable
CU-10453,0.11882907447672891,Stable
CU-10454,0.6866962044226722,At Risk
CU-10455,0.6609198170863795,At Risk
CU-10456,0.4429545222170436,Watching
CU-10457,0.30176249219204704,Watching
CU-10458,0.6426612419799945,At Risk
CU-10459,0.08559267132814692,Stable
CU-10460,0.17468510852778182,Stable
CU-10461,0.7204831767021534,At Risk
CU-10462,0.3920033715208309,Watching
CU-10463,0.3115478959358798,Watching
CU-10464,0.4233838158685788,Watching
CU-10465,0.08485313735782418,Stable
CU-10466,0.8412441310787788,Urgent
CU-10467,0.666954835909544,At Risk
CU-10468,0.17313020592591216,Stable
CU-10469,0.5044163066987134,Watching
CU-10470,0.24068676939063824,Stable
CU-10471,0.04463031770997345,Stable
CU-10472,0.14850056816752663,Stable
CU-10473,0.44944593242399555,Watching
CU-10474,0.21593061148567502,Stable
CU-10475,0.5384892144289388,Watching
CU-10476,0.1988977000629346,Stable
CU-10477,0.6896529751785906,At Risk
CU-10478,0.3002298290454213,Watching
CU-10479,0.844210001415512,Urgent
CU-10480,0.4823812761894787,Watching
CU-10481,0.6806078407167797,At Risk
CU-10482,0.6477757074625881,At Risk
CU-10483,0.7580802380256899,Urgent
CU-10484,0.13219664274382606,Stable
CU-10485,0.2225939115610706,Stable
CU-10486,0.05411725569259845,Stable
CU-10487,0.5626895819198848,At Risk
CU-10488,0.44205963526635134,Watching
CU-10489,0.3766906391529509,Watching
CU-10490,0.14229526369769763,Stable
CU-10491,0.050868897419699785,Stable
CU-10492,0.6385952662378962,At Risk
CU-10493,0.3346442721948087,Watching
CU-10494,0.27829343319087213,Stable
CU-10495,0.32943749551059953,Watching
CU-10496,0.8313148470645031,Urgent
CU-10497,0.21472693498055145,Stable
CU-10498,0.18945499109922534,Stable
CU-10499,0.11910503785319522,Stable
CU-10500,0.07441396517121271,Stable
CU-10501,0.5126654136947388,Watching
CU-10502,0.6656604521409939,At Risk
CU-10503,0.5260529856711893,Watching
CU-10504,0.10702879173917978,Stable
CU-10505,0.013207126377287094,Stable
CU-10506,0.40351199144776856,Watching
CU-10507,0.35544298932091994,Watching
CU-10508,0.40890538226469636,Watching
CU-10509,0.06922764629624285,Stable
CU-10510,0.048420975934890136,Stable
CU-10511,0.048672936191366645,Stable
CU-10512,0.08617838305549518,Stable
CU-10513,0.6959522859943821,At Risk
CU-10514,0.3914278892759309,Watching
CU-10515,0.2211507445780903,Stable
CU-10516,0.2205293532634436,Stable
CU-10517,0.11119506173130082,Stable
CU-10518,0.6670539787337149,At Risk
CU-10519,0.45561501297980395,Watching
CU-10520,0.43063905479302705,Watching
CU-10521,0.09689931945165829,Stable
CU-10522,0.786387215016169,Urgent
CU-10523,0.7199623800692162,At Risk
CU-10524,0.4347350979539247,Watching
CU-10525,0.5873712862990326,At Risk
CU-10526,0.07436106329528522,Stable
CU-10527,0.30608706625446325,Watching
CU-10528,0.6076155843141962,At Risk
CU-10529,0.09748806568099552,Stable
CU-10530,0.8275922494412461,Urgent
CU-10531,0.07859138880712667,Stable
CU-10532,0.16107163705552718,Stable
CU-10533,0.11795082925466123,Stable
CU-10534,0.2472852667766373,Stable
CU-10535,0.7985382467568274,Urgent
CU-10536,0.35587105139323,Watching
CU-10537,0.14901462557429807,Stable
CU-10538,0.05562828762096206,Stable
CU-10539,0.3609572076174758,Watching
CU-10540,0.05278284482433867,Stable
CU-10541,0.009371703333736311,Stable
CU-10542,0.012651474742738419,Stable
CU-10543,0.4347403680395851,Watching
CU-10544,0.608531047258232,At Risk
CU-10545,0.01907526018194888,Stable
CU-10546,0.03029294151248017,Stable
CU-10547,0.14378871709521635,Stable
CU-10548,0.7299812084534051,At Risk
CU-10549,0.08608845731827262,Stable
CU-10550,0.35091001663961846,Watching
CU-10551,0.38434067801572436,Watching
CU-10552,0.20857560540412776,Stable
CU-10553,0.26012977214243566,Stable
CU-10554,0.37940518350236097,Watching
CU-10555,0.38758159010401183,Watching
CU-10556,0.23374008742157576,Stable
CU-10557,0.04964737909763769,Stable
CU-10558,0.48801507782685144,Watching
CU-10559,0.04040875569292041,Stable
CU-10560,0.3993523455962169,Watching
CU-10561,0.8013460803697161,Urgent
CU-10562,0.010402501030571313,Stable
CU-10563,0.4481085384646578,Watching
CU-10564,0.24980384848387724,Stable
CU-10565,0.37352574938975197,Watching
CU-10566,0.22471351988991142,Stable
CU-10567,0.1948930311410071,Stable
CU-10568,0.1770165195901919,Stable
CU-10569,0.10220214766480454,Stable
CU-10570,0.5278194014302131,Watching
CU-10571,0.2875030820870345,Stable
CU-10572,0.13170658429203255,Stable
CU-10573,0.21895309393856136,Stable
CU-10574,0.6693289697578697,At Risk
CU-10575,0.8886577644785782,Urgent
CU-10576,0.2950216087347249,Stable
CU-10577,0.08976163513909094,Stable
CU-10578,0.664289538723261,At Risk
CU-10579,0.15457432658170991,Stable
CU-10580,0.7214350155461879,At Risk
CU-10581,0.7167397070954977,At Risk
CU-10582,0.26686070997901484,Stable
CU-10583,0.3819761537950676,Watching
CU-10584,0.8735977668282692,Urgent
CU-10585,0.2556281031079603,Stable
CU-10586,0.09447939348414243,Stable
CU-10587,0.2994648343571418,Stable
CU-10588,0.4715005876069474,Watching
CU-10589,0.5018145125516872,Watching
CU-10590,0.543181591746604,Watching
CU-10591,0.28607789016353263,Stable
CU-10592,0.3727514862320977,Watching
CU-10593,0.20413599087891776,Stable
CU-10594,0.07590004983378423,Stable
CU-10595,0.25094017832243226,Stable
CU-10596,0.13464091277195214,Stable
CU-10597,0.11887011013245177,Stable
CU-10598,0.3173009592632048,Watching
CU-10599,0.23430686092552402,Stable
CU-10600,0.4772527998673548,Watching
CU-10601,0.5686275513193182,At Risk
CU-10602,0.2575461588324869,Stable
CU-10603,0.017474930808838607,Stable
CU-10604,0.6308595406695072,At Risk
CU-10605,0.03228519476829505,Stable
CU-10606,0.4902719241878934,Watching
CU-10607,0.018548621382838065,Stable
CU-10608,0.4495691729926216,Watching
CU-10609,0.44434727033142646,Watching
CU-10610,0.04037000491155794,Stable
CU-10611,0.314590772035908,Watching
CU-10612,0.7085180492067392,At Risk
CU-10613,0.08831420238362339,Stable
CU-10614,0.04654224254412562,Stable
CU-10615,0.2733572210385595,Stable
CU-10616,0.5019372551221836,Watching
CU-10617,0.7346575180416886,At Risk
CU-10618,0.43926304763926954,Watching
CU-10619,0.8453246866719338,Urgent
CU-10620,0.07359201982097896,Stable
CU-10621,0.47580714359854576,Watching
CU-10622,0.6831110511512172,At Risk
CU-10623,0.3226674702837932,Watching
CU-10624,0.23688988957039195,Stable
CU-10625,0.6634311859277977,At Risk
CU-10626,0.4843369164240758,Watching
CU-10627,0.13621858390612251,Stable
CU-10628,0.12165983399339643,Stable
CU-10629,0.2593364988841022,Stable
CU-10630,0.2702451004464945,Stable
CU-10631,0.3933368743427745,Watching
CU-10632,0.3180873508328628,Watching
CU-10633,0.21501346761027265,Stable
CU-10634,0.16452855736930694,Stable
CU-10635,0.20714766255132774,Stable
CU-10636,0.23193511453107798,Stable
CU-10637,0.6650491248221355,At Risk
CU-10638,0.4246240025442569,Watching
CU-10639,0.4185896992781496,Watching
CU-10640,0.15020459079599768,Stable
CU-10641,0.5050642843394461,Watching
CU-10642,0.3572954557850104,Watching
CU-10643,0.010969440573065356,Stable
CU-10644,0.3615234240078541,Watching
CU-10645,0.11958297708274135,Stable
CU-10646,0.1983073585660935,Stable
CU-10647,0.33547341352178783,Watching
CU-10648,0.7864427284768627,Urgent
CU-10649,0.3123837486876666,Watching
CU-10650,0.8202341683646096,Urgent
CU-10651,0.1500850234444832,Stable
CU-10652,0.5248890047171231,Watching
CU-10653,0.12412481962028722,Stable
CU-10654,0.0817576738186899,Stable
CU-10655,0.4904486580831501,Watching
CU-10656,0.13962552221636687,Stable
CU-10657,0.05707110546257388,Stable
CU-10658,0.5360720085660063,Watching
CU-10659,0.6041733377894086,At Risk
CU-10660,0.06698527911627203,Stable
CU-10661,0.5851683462266505,At Risk
CU-10662,0.5195178986649752,Watching
CU-10663,0.02684515516568982,Stable
CU-10664,0.508669047356336,Watching
CU-10665,0.5744460246448858,At Risk
CU-10666,0.6281289060059262,At Risk
CU-10667,0.6278732018704944,At Risk
CU-10668,0.3553961738701456,Watching
CU-10669,0.8805293731034993,Urgent
CU-10670,0.01467870759368967,Stable
CU-10671,0.015073742932557524,Stable
CU-10672,0.4879983354479951,Watching
CU-10673,0.04254311701514112,Stable
CU-10674,0.6594965713926472,At Risk
CU-10675,0.3571575534977616,Watching
CU-10676,0.056305973341335844,Stable
CU-10677,0.24304701377037907,Stable
CU-10678,0.0891205666703024,Stable
CU-10679,0.2278591918842202,Stable
CU-10680,0.0781611976544945,Stable
CU-10681,0.7243200762892605,At Risk
CU-10682,0.7629728340812759,Urgent
CU-10683,0.44036999915939873,Watching
CU-10684,0.021075810820184664,Stable
CU-10685,0.1454891460185112,Stable
CU-10686,0.4972762091827512,Watching
CU-10687,0.0746571543209516,Stable
CU-10688,0.22068263054980414,Stable
CU-10689,0.40851987154159447,Watching
CU-10690,0.3757087964232311,Watching
CU-10691,0.3418112795283487,Watching
CU-10692,0.2917378381597553,Stable
CU-10693,0.3648262305379708,Watching
CU-10694,0.4256692970704776,Watching
CU-10695,0.5115869649299123,Watching
CU-10696,0.7005846764261098,At Risk
CU-10697,0.10659206502429322,Stable
CU-10698,0.18579753407717123,Stable
CU-10699,0.44841786990354765,Watching
CU-10700,0.582895742716959,At Risk
CU-10701,0.7895412573027195,Urgent
CU-10702,0.4302961049622167,Watching
CU-10703,0.3288296602689763,Watching
CU-10704,0.5177600653732554,Watching
CU-10705,0.07899482015898232,Stable
CU-10706,0.1544268267213316,Stable
CU-10707,0.4158447852416085,Watching
CU-10708,0.20980237300935978,Stable
CU-10709,0.6929359086155518,At Risk
CU-10710,0.09545570125032304,Stable
CU-10711,0.68781781768085,At Risk
CU-10712,0.7860753944717849,Urgent
CU-10713,0.37416311705072575,Watching
CU-10714,0.11876133252162924,Stable
CU-10715,0.5696127549018156,At Risk
CU-10716,0.25866734956714876,Stable
CU-10717,0.7897589976610512,Urgent
CU-10718,0.1246370429757594,Stable
CU-10719,0.40184553105591614,Watching
CU-10720,0.5786834414254307,At Risk
CU-10721,0.41371940480178415,Watching
CU-10722,0.023603694515367313,Stable
CU-10723,0.1024521880879849,Stable
CU-10724,0.2652564359292382,Stable
CU-10725,0.5813736754204802,At Risk
CU-10726,0.8061403813024431,Urgent
CU-10727,0.3990095491547949,Watching
CU-10728,0.6083066840624615,At Risk
CU-10729,0.017424092499962976,Stable
CU-10730,0.7102564299119691,At Risk
CU-10731,0.8030081107621962,Urgent
CU-10732,0.022567361926715043,Stable
CU-10733,0.7263499597219368,At Risk
CU-10734,0.5084293780100286,Watching
CU-10735,0.4085232312315201,Watching
CU-10736,0.07116374958068832,Stable
CU-10737,0.7162819967472174,At Risk
CU-10738,0.22646470070765468,Stable
CU-10739,0.12477358671219282,Stable
CU-10740,0.18209167215917196,Stable
CU-10741,0.25794564819933796,Stable
CU-10742,0.16350632934628154,Stable
CU-10743,0.41843613326916124,Watching
CU-10744,0.5338901621370076,Watching
CU-10745,0.10345223991901957,Stable
CU-10746,0.05102558187765465,Stable
CU-10747,0.22746661958074402,Stable
CU-10748,0.11073379765960696,Stable
CU-10749,0.2535979700280147,Stable
CU-10750,0.48936643651470324,Watching
CU-10751,0.8393701575326132,Urgent
CU-10752,0.07676109712941456,Stable
CU-10753,0.31624627220103757,Watching
CU-10754,0.8449742253897062,Urgent
CU-10755,0.560587225686597,At Risk
CU-10756,0.4631181976536609,Watching
CU-10757,0.5039232461071339,Watching
CU-10758,0.3303299984490689,Watching
CU-10759,0.2117969069383644,Stable
CU-10760,0.7178299027277077,At Risk
CU-10761,0.10744026205934054,Stable
CU-10762,0.28782247283062745,Stable
CU-10763,0.3059336986980151,Watching
CU-10764,0.21852511349934345,Stable
CU-10765,0.15969645593218576,Stable
CU-10766,0.4201249100254172,Watching
CU-10767,0.3109176059295717,Watching
CU-10768,0.291313755953276,Stable
CU-10769,0.25361784913217694,Stable
CU-10770,0.08680812906434426,Stable
CU-10771,0.4212378492967628,Watching
CU-10772,0.2680829691000175,Stable
CU-10773,0.8030502992322429,Urgent
CU-10774,0.4656260286708765,Watching
CU-10775,0.08965201651370598,Stable
CU-10776,0.30058381222523084,Watching
CU-10777,0.3951023073387435,Watching
CU-10778,0.20086766583885382,Stable
CU-10779,0.10110127286082703,Stable
CU-10780,0.6100601954948176,At Risk
CU-10781,0.2417318338045371,Stable
CU-10782,0.5280095964934547,Watching
CU-10783,0.42818406582712193,Watching
CU-10784,0.5385055206111526,Watching
CU-10785,0.051383321599955095,Stable
CU-10786,0.5575637198231955,At Risk
CU-10787,0.129518600535865,Stable
CU-10788,0.05498247757533922,Stable
CU-10789,0.33717173532655165,Watching
CU-10790,0.13654630319479621,Stable
CU-10791,0.30878528420139567,Watching
CU-10792,0.3735003726310249,Watching
CU-10793,0.7690259441701597,Urgent
CU-10794,0.0317833497776869,Stable
CU-10795,0.006280993747885165,Stable
CU-10796,0.23679719650044448,Stable
CU-10797,0.735452120220103,At Risk
CU-10798,0.12535958679423764,Stable
CU-10799,0.057013152374974514,Stable
CU-10800,0.4721970427945495,Watching
CU-10801,0.19695213525765357,Stable
CU-10802,0.2047529795410128,Stable
CU-10803,0.6306842491610261,At Risk
CU-10804,0.006035387760221305,Stable
CU-10805,0.3388435306923447,Watching
CU-10806,0.543141028882456,Watching
CU-10807,0.13750398010845147,Stable
CU-10808,0.16742880708195654,Stable
CU-10809,0.521887645671598,Watching
CU-10810,0.46611401571071187,Watching
CU-10811,0.12959537740911214,Stable
CU-10812,0.2902364067343266,Stable
CU-10813,0.4015523788511726,Watching
CU-10814,0.5769978334575115,At Risk
CU-10815,0.8737791530112099,Urgent
CU-10816,0.6985524862163963,At Risk
CU-10817,0.2976853597585573,Stable
CU-10818,0.27859587458830787,Stable
CU-10819,0.3809634260298364,Watching
CU-10820,0.15011864954058704,Stable
CU-10821,0.35000950470249703,Watching
CU-10822,0.040024319883180746,Stable
CU-10823,0.8800815552940644,Urgent
CU-10824,0.14616476437723352,Stable
CU-10825,0.458303908937283,Watching
CU-10826,0.7903292714850194,Urgent
CU-10827,0.166293897900435,Stable
CU-10828,0.432912730170245,Watching
CU-10829,0.5291919443567341,Watching
CU-10830,0.6232615264004658,At Risk
CU-10831,0.051424018761147806,Stable
CU-10832,0.29553130232099145,Stable
CU-10833,0.05613671244390162,Stable
CU-10834,0.33848545620920906,Watching
CU-10835,0.6240191293468998,At Risk
CU-10836,0.1405237207599464,Stable
CU-10837,0.7190109103612917,At Risk
CU-10838,0.689122392086991,At Risk
CU-10839,0.13924333973453018,Stable
CU-10840,0.5984849445234107,At Risk
CU-10841,0.8266579854115494,Urgent
CU-10842,0.6685068469608811,At Risk
CU-10843,0.14885397441519035,Stable
CU-10844,0.0966704427375139,Stable
CU-10845,0.8687249794241942,Urgent
CU-10846,0.23822476056675887,Stable
CU-10847,0.17339336366273214,Stable
CU-10848,0.5295161670761299,Watching
CU-10849,0.3851058795653785,Watching
CU-10850,0.19131276835884373,Stable
CU-10851,0.8835491473503592,Urgent
CU-10852,0.32861399033165384,Watching
CU-10853,0.22715262458004484,Stable
CU-10854,0.06601363652266636,Stable
CU-10855,0.5250889253395371,Watching
CU-10856,0.2138123079633453,Stable
CU-10857,0.4723055449317924,Watching
CU-10858,0.027448737387181548,Stable
CU-10859,0.5411740258263007,Watching
CU-10860,0.6223466606831569,At Risk
CU-10861,0.03975601582954101,Stable
CU-10862,0.2766047738368258,Stable
CU-10863,0.7877939341966524,Urgent
CU-10864,0.35374839185238044,Watching
CU-10865,0.2185323367302156,Stable
CU-10866,0.6454299638637658,At Risk
CU-10867,0.4944648305136251,Watching
CU-10868,0.19780672089772955,Stable
CU-10869,0.3863257223674402,Watching
CU-10870,0.733220741912164,At Risk
CU-10871,0.1320631149243134,Stable
CU-10872,0.7285711250997062,At Risk
CU-10873,0.4418436910227969,Watching
CU-10874,0.08432530614080282,Stable
CU-10875,0.1898588381093236,Stable
CU-10876,0.3280018047606299,Watching
CU-10877,0.7699973855991138,Urgent
CU-10878,0.28603895625704856,Stable
CU-10879,0.050005139592695536,Stable
CU-10880,0.3571765986246816,Watching
CU-10881,0.040130573886763436,Stable
CU-10882,0.20516580577163007,Stable
CU-10883,0.023135124152025965,Stable
CU-10884,0.216965095306286,Stable
CU-10885,0.08814220299941809,Stable
CU-10886,0.05610443829350379,Stable
CU-10887,0.5399463716272259,Watching
CU-10888,0.01760726952504228,Stable
CU-10889,0.13930494720336897,Stable
CU-10890,0.7509585429593316,Urgent
CU-10891,0.43626468642357047,Watching
CU-10892,0.15831117267499561,Stable
CU-10893,0.09595869372202634,Stable
CU-10894,0.6947932226346822,At Risk
CU-10895,0.7252434257536581,At Risk
CU-10896,0.41265537509846906,Watching
CU-10897,0.4911666527520001,Watching
CU-10898,0.22028289810551657,Stable
CU-10899,0.41631157977214983,Watching
CU-10900,0.6060100081557445,At Risk
CU-10901,0.07164126138197974,Stable
CU-10902,0.5596326224339546,At Risk
CU-10903,0.07197508302856309,Stable
CU-10904,0.07885515351155022,Stable
CU-10905,0.061621775487010595,Stable
CU-10906,0.6263144743003828,At Risk
CU-10907,0.22751801836576868,Stable
CU-10908,0.8880818215133015,Urgent
CU-10909,0.06569005885197968,Stable
CU-10910,0.05460699196063587,Stable
CU-10911,0.2792342709329522,Stable
CU-10912,0.8710433064522659,Urgent
CU-10913,0.03070615497637141,Stable
CU-10914,0.6282513851819921,At Risk
CU-10915,0.35204358827891424,Watching
CU-10916,0.6407387182172419,At Risk
CU-10917,0.39350530069886,Watching
CU-10918,0.790444897638124,Urgent
CU-10919,0.16406787801766123,Stable
CU-10920,0.10145348059390001,Stable
CU-10921,0.4057286848508268,Watching
CU-10922,0.5008337747530512,Watching
CU-10923,0.15047374931210802,Stable
CU-10924,0.546149294800818,Watching
CU-10925,0.8565608668476262,Urgent
CU-10926,0.4732126697763383,Watching
CU-10927,0.1553633763680622,Stable
CU-10928,0.24566937417788703,Stable
CU-10929,0.5797480048875757,At Risk
CU-10930,0.25229685998391554,Stable
CU-10931,0.37711493282435576,Watching
CU-10932,0.6267692352661622,At Risk
CU-10933,0.3199146688203594,Watching
CU-10934,0.53571457343551,Watching
CU-10935,0.5725012277853194,At Risk
CU-10936,0.32503955070066615,Watching
CU-10937,0.2329707553556058,Stable
CU-10938,0.7953235711423148,Urgent
CU-10939,0.058798715692998736,Stable
CU-10940,0.5407168146035256,Watching
CU-10941,0.2836555482659502,Stable
CU-10942,0.629694258395802,At Risk
CU-10943,0.673242562498522,At Risk
CU-10944,0.5228619113423308,Watching
CU-10945,0.4458891150039663,Watching
CU-10946,0.2862725906610535,Stable
CU-10947,0.6801635340222111,At Risk
CU-10948,0.21995951252008764,Stable
CU-10949,0.24793462192015545,Stable
CU-10950,0.30581242780403506,Watching
CU-10951,0.46059140644122254,Watching
CU-10952,0.39755373399847355,Watching
CU-10953,0.09998678270354827,Stable
CU-10954,0.4312559563921617,Watching
CU-10955,0.6088781093725695,At Risk
CU-10956,0.10335916984747605,Stable
CU-10957,0.32405445830516044,Watching
CU-10958,0.776078647140398,Urgent
CU-10959,0.22917185210887842,Stable
CU-10960,0.5403299665428841,Watching
CU-10961,0.19230912702251807,Stable
CU-10962,0.16882853524129834,Stable
CU-10963,0.156739080851107,Stable
CU-10964,0.6549851667157716,At Risk
CU-10965,0.10301946208538901,Stable
CU-10966,0.1954870012990935,Stable
CU-10967,0.6762738242100493,At Risk
CU-10968,0.6400096679414652,At Risk
CU-10969,0.059408207703614414,Stable
CU-10970,0.4933837141715883,Watching
CU-10971,0.4738526764841221,Watching
CU-10972,0.08460293843140052,Stable
CU-10973,0.2726297775307326,Stable
CU-10974,0.4722775726082109,Watching
CU-10975,0.33025046162825517,Watching
CU-10976,0.8542674263093949,Urgent
CU-10977,0.21864975270112613,Stable
CU-10978,0.02325136766983779,Stable
CU-10979,0.5183981743236707,Watching
CU-10980,0.15281540047494724,Stable
CU-10981,0.665765291827969,At Risk
CU-10982,0.3840978229152479,Watching
CU-10983,0.6510987754599346,At Risk
CU-10984,0.08846355387055398,Stable
CU-10985,0.09682364150227145,Stable
CU-10986,0.2200575046067505,Stable
CU-10987,0.7398672952815397,At Risk
CU-10988,0.035236218175531346,Stable
CU-10989,0.17199259270023567,Stable
CU-10990,0.12354743817434494,Stable
CU-10991,0.7603407226602714,Urgent
CU-10992,0.11260064908588467,Stable
CU-10993,0.5862092762705123,At Risk
CU-10994,0.12361523467587597,Stable
CU-10995,0.06846948864920088,Stable
CU-10996,0.035668606659721915,Stable
CU-10997,0.1167355185466189,Stable
CU-10998,0.5141831788072364,Watching
CU-10999,0.2352477733199828,Stable
CU-11000,0.6865999132061263,At Risk
CU-11001,0.23169350635161254,Stable
CU-11002,0.16097426648318008,Stable
CU-11003,0.8880652388488992,Urgent
CU-11004,0.5379741299348926,Watching
CU-11005,0.5145282206827398,Watching
CU-11006,0.26566623018114227,Stable
CU-11007,0.14903248138857983,Stable
CU-11008,0.2822391797545179,Stable
CU-11009,0.05059131365472416,Stable
CU-11010,0.6782958161522051,At Risk
CU-11011,0.20419064047367072,Stable
CU-11012,0.2288969534743518,Stable
CU-11013,0.6757864262120483,At Risk
CU-11014,0.5050124011990349,Watching
CU-11015,0.11005734546359641,Stable
CU-11016,0.305634859476031,Watching
CU-11017,0.794518656390906,Urgent
CU-11018,0.5902575343483125,At Risk
CU-11019,0.9286852598848969,Urgent
CU-11020,0.47295808860367194,Watching
CU-11021,0.26006478833322394,Stable
CU-11022,0.5112303599657534,Watching
CU-11023,0.430428519226256,Watching
CU-11024,0.05783884600507618,Stable
CU-11025,0.2757757114842252,Stable
CU-11026,0.2752212144629696,Stable
CU-11027,0.37642465568948996,Watching
CU-11028,0.06336860553051682,Stable
CU-11029,0.17957065434839156,Stable
CU-11030,0.19065234038075804,Stable
CU-11031,0.09115097761948812,Stable
CU-11032,0.4591750704375987,Watching
CU-11033,0.6062566751378746,At Risk
CU-11034,0.3856516929329645,Watching
CU-11035,0.276980080753928,Stable
CU-11036,0.3477590066501981,Watching
CU-11037,0.5557507387099793,At Risk
CU-11038,0.05722285996597633,Stable
CU-11039,0.28790040203304046,Stable
CU-11040,0.6685462346247509,At Risk
CU-11041,0.14781635439000745,Stable
CU-11042,0.2560830575928646,Stable
CU-11043,0.49137908911078604,Watching
CU-11044,0.17245670356385936,Stable
CU-11045,0.22900114690848206,Stable
CU-11046,0.5006480735819916,Watching
CU-11047,0.6846146666277922,At Risk
CU-11048,0.8737525471915667,Urgent
CU-11049,0.5696971629823246,At Risk
CU-11050,0.6083405969361191,At Risk
CU-11051,0.37667254175348536,Watching
CU-11052,0.1597137775064679,Stable
CU-11053,0.7527995831975847,Urgent
CU-11054,0.05092700983656297,Stable
CU-11055,0.2127520897734722,Stable
CU-11056,0.06270635662519528,Stable
CU-11057,0.4137189651788137,Watching
CU-11058,0.005893104702788606,Stable
CU-11059,0.38834830210738436,Watching
CU-11060,0.17794199531403465,Stable
CU-11061,0.2994180276554107,Stable
CU-11062,0.5956379129580576,At Risk
CU-11063,0.10836798512379187,Stable
CU-11064,0.07151995602039653,Stable
CU-11065,0.614615652893415,At Risk
CU-11066,0.20341680186773892,Stable
CU-11067,0.3481799812987864,Watching
CU-11068,0.18161752962229524,Stable
CU-11069,0.06286235781141658,Stable
CU-11070,0.20547570249875272,Stable
CU-11071,0.46631584937768994,Watching
CU-11072,0.6612738576300365,At Risk
CU-11073,0.5228256323232301,Watching
CU-11074,0.45121834972913805,Watching
CU-11075,0.05229989664598837,Stable
CU-11076,0.7090946662765271,At Risk
CU-11077,0.10068565917206951,Stable
CU-11078,0.44792389388128295,Watching
CU-11079,0.17889905733233838,Stable
CU-11080,0.818991455239002,Urgent
CU-11081,0.03797655614257885,Stable
CU-11082,0.31670069145057417,Watching
CU-11083,0.804311534602907,Urgent
CU-11084,0.7210325772453566,At Risk
CU-11085,0.5427386046581003,Watching
CU-11086,0.693804357347375,At Risk
CU-11087,0.5269263144873538,Watching
CU-11088,0.26595896689109494,Stable
CU-11089,0.7795007369904448,Urgent
CU-11090,0.6487056656336123,At Risk
CU-11091,0.11458089719356757,Stable
CU-11092,0.1787049999639122,Stable
CU-11093,0.1909820280482738,Stable
CU-11094,0.2633070632839969,Stable
CU-11095,0.4421249312541763,Watching
CU-11096,0.11089752632702572,Stable
CU-11097,0.5488862747411944,Watching
CU-11098,0.03351407511406522,Stable
CU-11099,0.7704380712075122,Urgent
CU-11100,0.35027603435230775,Watching
CU-11101,0.7221241712545118,At Risk
CU-11102,0.2873058032479913,Stable
CU-11103,0.018848320585804303,Stable
CU-11104,0.633532802638081,At Risk
CU-11105,0.35821445067034025,Watching
CU-11106,0.24421211525840683,Stable
CU-11107,0.5718155818335081,At Risk
CU-11108,0.7328835098825768,At Risk
CU-11109,0.3631022639727024,Watching
CU-11110,0.2957765795829984,Stable
CU-11111,0.01517291614639243,Stable
CU-11112,0.4455209187440375,Watching
CU-11113,0.05094549399327379,Stable
CU-11114,0.12970707752402647,Stable
CU-11115,0.1849985677318571,Stable
CU-11116,0.04335734612548278,Stable
CU-11117,0.2578834415965043,Stable
CU-11118,0.06556829073720409,Stable
CU-11119,0.4596867556117483,Watching
CU-11120,0.2307955069345947,Stable
CU-11121,0.10162332699696978,Stable
CU-11122,0.4236786063902283,Watching
CU-11123,0.2736369204111126,Stable
CU-11124,0.5858554520388122,At Risk
CU-11125,0.8150501414742936,Urgent
CU-11126,0.4586798534137345,Watching
CU-11127,0.05116774326934299,Stable
CU-11128,0.06792749144723613,Stable
CU-11129,0.41575116894897657,Watching
CU-11130,0.7620715006382874,Urgent
CU-11131,0.5500496939566115,At Risk
CU-11132,0.08846850016411148,Stable
CU-11133,0.4777704660836189,Watching
CU-11134,0.5653901392555387,At Risk
CU-11135,0.4226957855546258,Watching
CU-11136,0.3447999880102365,Watching
CU-11137,0.5818474806742666,At Risk
CU-11138,0.11668029739693729,Stable
CU-11139,0.10420284387149027,Stable
CU-11140,0.1876962486730556,Stable
CU-11141,0.4413272499317029,Watching
CU-11142,0.034593096394147815,Stable
CU-11143,0.04899048959524097,Stable
CU-11144,0.47989622605115345,Watching
CU-11145,0.26362569778289985,Stable
CU-11146,0.05675531922558806,Stable
CU-11147,0.7244949784659132,At Risk
CU-11148,0.4746040976973806,Watching
CU-11149,0.2907840509514138,Stable
CU-11150,0.1386321828174909,Stable
CU-11151,0.02903747735826978,Stable
CU-11152,0.07804204985465928,Stable
CU-11153,0.5683951534762217,At Risk
CU-11154,0.22456480932929643,Stable
CU-11155,0.237171844921957,Stable
CU-11156,0.17374526279613273,Stable
CU-11157,0.16871245992183445,Stable
CU-11158,0.41398297409008017,Watching
CU-11159,0.1026773906916414,Stable
CU-11160,0.6676061993309677,At Risk
CU-11161,0.6614707431509711,At Risk
CU-11162,0.2032058415617744,Stable
CU-11163,0.24216947384939405,Stable
CU-11164,0.15109515602565235,Stable
CU-11165,0.2533194424253975,Stable
CU-11166,0.15360856458372163,Stable
CU-11167,0.6355554595345058,At Risk
CU-11168,0.5119927239171614,Watching
CU-11169,0.3535053472921574,Watching
CU-11170,0.6978475810071203,At Risk
CU-11171,0.8383311013049378,Urgent
CU-11172,0.1637962160666972,Stable
CU-11173,0.5963632899870428,At Risk
CU-11174,0.334369765847802,Watching
CU-11175,0.5527972284666036,At Risk
CU-11176,0.012293525519363744,Stable
CU-11177,0.6220337909756274,At Risk
CU-11178,0.0205354108171951,Stable
CU-11179,0.7287913835135725,At Risk
CU-11180,0.771664458291917,Urgent
CU-11181,0.27382995705046675,Stable
CU-11182,0.733706858854879,At Risk
CU-11183,0.21207720637513208,Stable
CU-11184,0.6222733240711021,At Risk
CU-11185,0.13491306064164565,Stable
CU-11186,0.3078579274966369,Watching
CU-11187,0.554128538422529,At Risk
CU-11188,0.40044882187011416,Watching
CU-11189,0.2751464205351445,Stable
CU-11190,0.2310787679919257,Stable
CU-11191,0.06027190049913788,Stable
CU-11192,0.295582811692785,Stable
CU-11193,0.7791452192787856,Urgent
CU-11194,0.6463076692046604,At Risk
CU-11195,0.5461538895388617,Watching
CU-11196,0.05741318233017586,Stable
CU-11197,0.01297696503182101,Stable
CU-11198,0.2518839176350717,Stable
CU-11199,0.8113173683520165,Urgent
CU-11200,0.5911343341643169,At Risk
CU-11201,0.25298071058204785,Stable
CU-11202,0.057381144810949386,Stable
CU-11203,0.44224285799732943,Watching
CU-11204,0.4327876983197605,Watching
CU-11205,0.6307622799214849,At Risk
CU-11206,0.3520704311271935,Watching
CU-11207,0.8742541929647125,Urgent
CU-11208,0.21034403031706275,Stable
CU-11209,0.7334318943791112,At Risk
CU-11210,0.4712841068765779,Watching
CU-11211,0.6112154332409995,At Risk
CU-11212,0.04567481187568573,Stable
CU-11213,0.11273400763771091,Stable
CU-11214,0.032996544458947216,Stable
CU-11215,0.10852943470737275,Stable
CU-11216,0.7930138667334831,Urgent
CU-11217,0.23279255547104322,Stable
CU-11218,0.6292984751560361,At Risk
CU-11219,0.2700067131867818,Stable
CU-11220,0.23108456950989895,Stable
CU-11221,0.66053206953008,At Risk
CU-11222,0.22630255670231006,Stable
CU-11223,0.4687001308089208,Watching
CU-11224,0.09336755804887194,Stable
CU-11225,0.15778434993267382,Stable
CU-11226,0.44490543040711406,Watching
CU-11227,0.0602688819021783,Stable
CU-11228,0.03804446220893013,Stable
CU-11229,0.16261514461189716,Stable
CU-11230,0.05010598853769343,Stable
CU-11231,0.1747039702147928,Stable
CU-11232,0.8725037394361425,Urgent
CU-11233,0.09502495060243418,Stable
CU-11234,0.573306167852534,At Risk
CU-11235,0.06233670316706726,Stable
CU-11236,0.5935932810627773,At Risk
CU-11237,0.18902516055557006,Stable
CU-11238,0.19043451585826482,Stable
CU-11239,0.06727428679192808,Stable
CU-11240,0.9126578143798582,Urgent
CU-11241,0.8637197556722325,Urgent
CU-11242,0.14114995977256445,Stable
CU-11243,0.2357443898363584,Stable
CU-11244,0.131211255178207,Stable
CU-11245,0.3277994259538277,Watching
CU-11246,0.12026119222836766,Stable
CU-11247,0.6588173749803156,At Risk
CU-11248,0.6679752310266421,At Risk
CU-11249,0.7625084888704939,Urgent
CU-11250,0.015086223112992446,Stable
CU-11251,0.2714392222799606,Stable
CU-11252,0.6085716242619958,At Risk
CU-11253,0.046796124777353634,Stable
CU-11254,0.05012806054386787,Stable
CU-11255,0.038549681391845184,Stable
CU-11256,0.568714704664723,At Risk
CU-11257,0.6955603400302606,At Risk
CU-11258,0.2560950812661706,Stable
CU-11259,0.08285402797148335,Stable
CU-11260,0.17352876372929169,Stable
CU-11261,0.6353068665957018,At Risk
CU-11262,0.7488061070021907,At Risk
CU-11263,0.08606983803529714,Stable
CU-11264,0.0873641672969573,Stable
CU-11265,0.7013510891975819,At Risk
CU-11266,0.41707140536503956,Watching
CU-11267,0.2641364482358376,Stable
CU-11268,0.8812712074906959,Urgent
CU-11269,0.6585249723561538,At Risk
CU-11270,0.42229283088836594,Watching
CU-11271,0.1565711782607194,Stable
CU-11272,0.3682822882724546,Watching
CU-11273,0.7566303090229404,Urgent
CU-11274,0.2663661818698461,Stable
CU-11275,0.4068542245192791,Watching
CU-11276,0.12379124509324788,Stable
CU-11277,0.39761434929234174,Watching
CU-11278,0.175084147268386,Stable
CU-11279,0.3792408223698772,Watching
CU-11280,0.5711960738623397,At Risk
CU-11281,0.332166534030475,Watching
CU-11282,0.6862880437715709,At Risk
CU-11283,0.1870625819323564,Stable
CU-11284,0.27539378998312025,Stable
CU-11285,0.11374221794881965,Stable
CU-11286,0.6652779712877794,At Risk
CU-11287,0.5663347728023529,At Risk
CU-11288,0.02031745579203063,Stable
CU-11289,0.0899483389791025,Stable
CU-11290,0.3286988224939574,Watching
CU-11291,0.6625493043987011,At Risk
CU-11292,0.20363970762361028,Stable
CU-11293,0.23188152299235432,Stable
CU-11294,0.5513746166272243,At Risk
CU-11295,0.06103768716738293,Stable
CU-11296,0.6957766783858755,At Risk
CU-11297,0.8327866473818549,Urgent
CU-11298,0.030128257810302282,Stable
CU-11299,0.2135988626100755,Stable
CU-11300,0.23041421849391938,Stable
CU-11301,0.7618815091087857,Urgent
CU-11302,0.0720579113216332,Stable
CU-11303,0.6883002595396173,At Risk
CU-11304,0.39614573837414613,Watching
CU-11305,0.1677398115792693,Stable
CU-11306,0.7782386773380637,Urgent
CU-11307,0.2829684308800596,Stable
CU-11308,0.24265670354348995,Stable
CU-11309,0.42107418077021674,Watching
CU-11310,0.7782890609057563,Urgent
CU-11311,0.6541486955673779,At Risk
CU-11312,0.2972586785434925,Stable
CU-11313,0.34239265797042906,Watching
CU-11314,0.5190732388725684,Watching
CU-11315,0.40751391391507247,Watching
CU-11316,0.3031012755952216,Watching
CU-11317,0.39547246991933205,Watching
CU-11318,0.25730692452360904,Stable
CU-11319,0.13643178683066626,Stable
CU-11320,0.466694715741748,Watching
CU-11321,0.013868451363290183,Stable
CU-11322,0.15345088253947675,Stable
CU-11323,0.7327882211272495,At Risk
CU-11324,0.0761244220284226,Stable
CU-11325,0.8089061815834265,Urgent
CU-11326,0.05020824225053613,Stable
CU-11327,0.24838604500386494,Stable
CU-11328,0.7977278289856594,Urgent
CU-11329,0.24655251339014975,Stable
CU-11330,0.19435308369659612,Stable
CU-11331,0.41814414045442266,Watching
CU-11332,0.5395473035971234,Watching
CU-11333,0.37529416393985604,Watching
CU-11334,0.08147694821547163,Stable
CU-11335,0.20918533032891384,Stable
CU-11336,0.4015245010933687,Watching
CU-11337,0.17374280630953665,Stable
CU-11338,0.03867958902126125,Stable
CU-11339,0.3983870496714932,Watching
CU-11340,0.06586939199929556,Stable
CU-11341,0.02607170176443833,Stable
CU-11342,0.17218660518176238,Stable
CU-11343,0.38012787226019706,Watching
CU-11344,0.08287206970938818,Stable
CU-11345,0.8172918881930147,Urgent
CU-11346,0.3648303113759264,Watching
CU-11347,0.26035596019550855,Stable
CU-11348,0.5246501339308486,Watching
CU-11349,0.223986268131682,Stable
CU-11350,0.3573358791399503,Watching
CU-11351,0.07519819902886078,Stable
CU-11352,0.4452747321926424,Watching
CU-11353,0.602957941313073,At Risk
CU-11354,0.14484631975631262,Stable
CU-11355,0.10259970072883522,Stable
CU-11356,0.04695807721442592,Stable
CU-11357,0.05032160923775287,Stable
CU-11358,0.23189320501082925,Stable
CU-11359,0.1264835343859862,Stable
CU-11360,0.031163695964431564,Stable
CU-11361,0.30271671797092475,Watching
CU-11362,0.8362154336275152,Urgent
CU-11363,0.06932253981298353,Stable
CU-11364,0.26966620951253123,Stable
CU-11365,0.6049290994397175,At Risk
CU-11366,0.5543089343682482,At Risk
CU-11367,0.32587521520620505,Watching
CU-11368,0.15392884413476188,Stable
CU-11369,0.05189483864080173,Stable
CU-11370,0.338676050253937,Watching
CU-11371,0.10198381608192536,Stable
CU-11372,0.01200716907009905,Stable
CU-11373,0.2877340921657075,Stable
CU-11374,0.7414601235931837,At Risk
CU-11375,0.1280620797498855,Stable
CU-11376,0.20881758306467466,Stable
CU-11377,0.4223893915598069,Watching
CU-11378,0.3209900897787186,Watching
CU-11379,0.6966666146223462,At Risk
CU-11380,0.17844275951479469,Stable
CU-11381,0.4908964207398539,Watching
CU-11382,0.013096436224988734,Stable
CU-11383,0.4652654091279859,Watching
CU-11384,0.7510288431854982,Urgent
CU-11385,0.29654363313192916,Stable
CU-11386,0.28716754306122244,Stable
CU-11387,0.5446812515918463,Watching
CU-11388,0.6642653291431192,At Risk
CU-11389,0.28256474253093555,Stable
CU-11390,0.5001040365634267,Watching
CU-11391,0.6774808761339047,At Risk
CU-11392,0.5279525799381133,Watching
CU-11393,0.3774934449074115,Watching
CU-11394,0.7724272942655602,Urgent
CU-11395,0.14569836048966756,Stable
CU-11396,0.73383105489917,At Risk
CU-11397,0.24616898919062005,Stable
CU-11398,0.06214883053355367,Stable
CU-11399,0.4433781439792659,Watching
CU-11400,0.0337291479610122,Stable
CU-11401,0.09057015222578804,Stable
CU-11402,0.4914975157100663,Watching
CU-11403,0.2634454056073615,Stable
CU-11404,0.17558091077742674,Stable
CU-11405,0.030896752364058592,Stable
CU-11406,0.3841046522870689,Watching
CU-11407,0.32515082963812625,Watching
CU-11408,0.608952303210572,At Risk
CU-11409,0.18302278250807813,Stable
CU-11410,0.5043415662927061,Watching
CU-11411,0.41130885799834555,Watching
CU-11412,0.1754209615585513,Stable
CU-11413,0.20670051943179873,Stable
CU-11414,0.7652966759531711,Urgent
CU-11415,0.3202338060922742,Watching
CU-11416,0.6986448537833729,At Risk
CU-11417,0.30878568675738555,Watching
CU-11418,0.44601141026190794,Watching
CU-11419,0.48874145376695854,Watching
CU-11420,0.3884925723695762,Watching
CU-11421,0.19798917501893115,Stable
CU-11422,0.7427492642293805,At Risk
CU-11423,0.015758774296832825,Stable
CU-11424,0.1779840004001538,Stable
CU-11425,0.09859702423311949,Stable
CU-11426,0.26554173004966236,Stable
CU-11427,0.5460945461947063,Watching
CU-11428,0.2878392997271169,Stable
CU-11429,0.20981086454355227,Stable
CU-11430,0.6620199239930264,At Risk
CU-11431,0.06858417983858867,Stable
CU-11432,0.34865528221061176,Watching
CU-11433,0.6254423398975684,At Risk
CU-11434,0.7026945019441659,At Risk
CU-11435,0.18481685533850287,Stable
CU-11436,0.6980851005439074,At Risk
CU-11437,0.30206557490979197,Watching
CU-11438,0.10512422431816636,Stable
CU-11439,0.13983440919851398,Stable
CU-11440,0.3247796132441837,Watching
CU-11441,0.6031451096113146,At Risk
CU-11442,0.6898029456675665,At Risk
CU-11443,0.46976470760007577,Watching
CU-11444,0.3412281828315639,Watching
CU-11445,0.12006175296286072,Stable
CU-11446,0.028697881615174455,Stable
CU-11447,0.5214560736023938,Watching
CU-11448,0.5587489359336937,At Risk
CU-11449,0.5239036643279569,Watching
CU-11450,0.4022959511371643,Watching
CU-11451,0.3270866273327093,Watching
CU-11452,0.2951468439537862,Stable
CU-11453,0.6394682584895184,At Risk
CU-11454,0.7098070922344885,At Risk
CU-11455,0.27999727769493016,Stable
CU-11456,0.0851446740575486,Stable
CU-11457,0.04219018911937251,Stable
CU-11458,0.11160048884556459,Stable
CU-11459,0.7820735664026952,Urgent
CU-11460,0.17535303155179605,Stable
CU-11461,0.10327784875699436,Stable
CU-11462,0.19627088241032575,Stable
CU-11463,0.4274358441772152,Watching
CU-11464,0.37367158825708824,Watching
CU-11465,0.8413855494969907,Urgent
CU-11466,0.12373538948420314,Stable
CU-11467,0.18408973535547468,Stable
CU-11468,0.22686711349909666,Stable
CU-11469,0.4346890253653167,Watching
CU-11470,0.3403069402359741,Watching
CU-11471,0.30076325338098175,Watching
CU-11472,0.5003994394616311,Watching
CU-11473,0.302586578061123,Watching
CU-11474,0.5862737316484014,At Risk
CU-11475,0.106755799229474,Stable
CU-11476,0.23280181050063536,Stable
CU-11477,0.03578857145875697,Stable
CU-11478,0.26925183525073504,Stable
CU-11479,0.05165371026711076,Stable
CU-11480,0.147296696313278,Stable
CU-11481,0.7083903384582884,At Risk
CU-11482,0.11477221619137123,Stable
CU-11483,0.5605428718488664,At Risk
CU-11484,0.07661939692626689,Stable
CU-11485,0.5560685781161251,At Risk
CU-11486,0.7609396911453914,Urgent
CU-11487,0.4407694566781025,Watching
CU-11488,0.4023760681076752,Watching
CU-11489,0.40212052028018247,Watching
CU-11490,0.41355079731159655,Watching
CU-11491,0.7950617597375419,Urgent
CU-11492,0.10133541997799812,Stable
CU-11493,0.47485868483382265,Watching
CU-11494,0.25048555114974963,Stable
CU-11495,0.5228379352887004,Watching
CU-11496,0.46449842908380523,Watching
CU-11497,0.1902340698283726,Stable
CU-11498,0.02399320497968874,Stable
CU-11499,0.6668883121041843,At Risk
CU-11500,0.10077424457942916,Stable
CU-11501,0.3988576995141172,Watching
CU-11502,0.031030940819276046,Stable
CU-11503,0.24962593016684453,Stable
CU-11504,0.09519000446283246,Stable
CU-11505,0.09113036761346838,Stable
CU-11506,0.3806340632762334,Watching
CU-11507,0.4396175698271387,Watching
CU-11508,0.36684575125837754,Watching
CU-11509,0.43263724541905263,Watching
CU-11510,0.44695864377598554,Watching
CU-11511,0.5203247394580471,Watching
CU-11512,0.4942919674238696,Watching
CU-11513,0.10664385134723747,Stable
CU-11514,0.5320048627060512,Watching
CU-11515,0.5858377331304998,At Risk
CU-11516,0.6992509926298671,At Risk
CU-11517,0.15510601816150069,Stable
CU-11518,0.44406775227160966,Watching
CU-11519,0.797964552190244,Urgent
CU-11520,0.5018247666949178,Watching
CU-11521,0.695357551796063,At Risk
CU-11522,0.4797411238929722,Watching
CU-11523,0.6580731016154914,At Risk
CU-11524,0.20700631450937865,Stable
CU-11525,0.7884270870248936,Urgent
CU-11526,0.042070415656173255,Stable
CU-11527,0.8191840852606035,Urgent
CU-11528,0.5198519281942532,Watching
CU-11529,0.4215440913597549,Watching
CU-11530,0.5596499578542615,At Risk
CU-11531,0.7062751961902782,At Risk
CU-11532,0.6144526352162188,At Risk
CU-11533,0.4227957030520717,Watching
CU-11534,0.07252616955967958,Stable
CU-11535,0.41055457609158647,Watching
CU-11536,0.4532759725018069,Watching
CU-11537,0.06515113963516427,Stable
CU-11538,0.8062852050073759,Urgent
CU-11539,0.8182669695641309,Urgent
CU-11540,0.02661137643402366,Stable
CU-11541,0.5650898764573573,At Risk
CU-11542,0.5456534745402292,Watching
CU-11543,0.7984340556018248,Urgent
CU-11544,0.49910227594719353,Watching
CU-11545,0.5423624314917753,Watching
CU-11546,0.060009005848961454,Stable
CU-11547,0.4347390752956448,Watching
CU-11548,0.35272863345628497,Watching
CU-11549,0.10693027252681582,Stable
CU-11550,0.1401652121632082,Stable
CU-11551,0.11918407452097109,Stable
CU-11552,0.3231129853481724,Watching
CU-11553,0.8305619737295328,Urgent
CU-11554,0.017736101953931695,Stable
CU-11555,0.19182221950776296,Stable
CU-11556,0.5764215208399917,At Risk
CU-11557,0.0856534226352456,Stable
CU-11558,0.45327688422953594,Watching
CU-11559,0.503936707139372,Watching
CU-11560,0.10704136047120166,Stable
CU-11561,0.07851337641944853,Stable
CU-11562,0.5323302732673765,Watching
CU-11563,0.43235562637167296,Watching
CU-11564,0.8636109392933163,Urgent
CU-11565,0.15291760416465763,Stable
CU-11566,0.10387415505578633,Stable
CU-11567,0.471905457420636,Watching
CU-11568,0.7453624339589945,At Risk
CU-11569,0.7417720537030804,At Risk
CU-11570,0.3483056892385905,Watching
CU-11571,0.6017029604587452,At Risk
CU-11572,0.3201898701594257,Watching
CU-11573,0.5424416265569054,Watching
CU-11574,0.7017758106249512,At Risk
CU-11575,0.4612914470887322,Watching
CU-11576,0.7682986696718811,Urgent
CU-11577,0.38704829815207736,Watching
CU-11578,0.10302446690316687,Stable
CU-11579,0.6285026831118586,At Risk
CU-11580,0.5439633700354034,Watching
CU-11581,0.3006805452538017,Watching
CU-11582,0.3398743493024702,Watching
CU-11583,0.1644227938304598,Stable
CU-11584,0.2659896678327629,Stable
CU-11585,0.24107370200261388,Stable
CU-11586,0.31515806048952427,Watching
CU-11587,0.7440338005200234,At Risk
CU-11588,0.038784877195895164,Stable
CU-11589,0.06817724018690144,Stable
CU-11590,0.1145897564908037,Stable
CU-11591,0.21316254807496426,Stable
CU-11592,0.011998113575397717,Stable
CU-11593,0.3129332215553095,Watching
CU-11594,0.1951106014396483,Stable
CU-11595,0.4518220869035171,Watching
CU-11596,0.8145374139047141,Urgent
CU-11597,0.4624094947182705,Watching
CU-11598,0.06418906412934111,Stable
CU-11599,0.08134552479392422,Stable
CU-11600,0.4191032495597639,Watching
CU-11601,0.1282609020157206,Stable
CU-11602,0.5434980462416532,Watching
CU-11603,0.29728259038012467,Stable
CU-11604,0.11161297304012552,Stable
CU-11605,0.5889680135079337,At Risk
CU-11606,0.7666354418173389,Urgent
CU-11607,0.2190464721558108,Stable
CU-11608,0.017194435360106643,Stable
CU-11609,0.20202073599325523,Stable
CU-11610,0.5169447035962361,Watching
CU-11611,0.40016552233085734,Watching
CU-11612,0.5008500214755464,Watching
CU-11613,0.2997204039662538,Stable
CU-11614,0.060777473599108345,Stable
CU-11615,0.4395929818258419,Watching
CU-11616,0.2801908129413679,Stable
CU-11617,0.11009906054170938,Stable
CU-11618,0.43372182068398246,Watching
CU-11619,0.7514098002627929,Urgent
CU-11620,0.5493375622343011,Watching
CU-11621,0.8533724508541933,Urgent
CU-11622,0.5817983728949314,At Risk
CU-11623,0.217822374092736,Stable
CU-11624,0.4612909522576363,Watching
CU-11625,0.40372388973610734,Watching
CU-11626,0.4204583808617608,Watching
CU-11627,0.6115634546441997,At Risk
CU-11628,0.2686270210852922,Stable
CU-11629,0.2487379489733292,Stable
CU-11630,0.0372750716680681,Stable
CU-11631,0.3822491361520476,Watching
CU-11632,0.4054234872919459,Watching
CU-11633,0.21740197586150722,Stable
CU-11634,0.18686883765963833,Stable
CU-11635,0.4816209486459426,Watching
CU-11636,0.53995638032628,Watching
CU-11637,0.8541753193597924,Urgent
CU-11638,0.035518927434627215,Stable
CU-11639,0.533737011269696,Watching
CU-11640,0.15788369275146555,Stable
CU-11641,0.6344322178295617,At Risk
CU-11642,0.7050694685366277,At Risk
CU-11643,0.39771184259225484,Watching
CU-11644,0.49365635636665584,Watching
CU-11645,0.3679381274835725,Watching
CU-11646,0.29087889937300254,Stable
CU-11647,0.16644084575797896,Stable
CU-11648,0.3778014076284777,Watching
CU-11649,0.639088837387514,At Risk
CU-11650,0.6882319277673405,At Risk
CU-11651,0.5376231191670203,Watching
CU-11652,0.09225324912992552,Stable
CU-11653,0.43899754643363204,Watching
CU-11654,0.8639633537507869,Urgent
CU-11655,0.6368685932496508,At Risk
CU-11656,0.5211838376489827,Watching
CU-11657,0.5814978639442779,At Risk
CU-11658,0.35537508497963977,Watching
CU-11659,0.9191220570772933,Urgent
CU-11660,0.3830083689647973,Watching
CU-11661,0.18207792295495742,Stable
CU-11662,0.7798044229685325,Urgent
CU-11663,0.6914566766466681,At Risk
CU-11664,0.2888223247875393,Stable
CU-11665,0.7804382387650513,Urgent
CU-11666,0.1526929135230573,Stable
CU-11667,0.20220318108705346,Stable
CU-11668,0.6761610298790406,At Risk
CU-11669,0.06718825369852723,Stable
CU-11670,0.052000579998693605,Stable
CU-11671,0.3009160540568028,Watching
CU-11672,0.848714645149916,Urgent
CU-11673,0.5467500082235212,Watching
CU-11674,0.14243299508104634,Stable
CU-11675,0.6384380237552542,At Risk
CU-11676,0.12297833683500906,Stable
CU-11677,0.5132586032128219,Watching
CU-11678,0.03203877578004373,Stable
CU-11679,0.40023425914697736,Watching
CU-11680,0.11012264915811104,Stable
CU-11681,0.07218943291016597,Stable
CU-11682,0.051438473399151724,Stable
CU-11683,0.06511489151701608,Stable
CU-11684,0.2440469602970021,Stable
CU-11685,0.673942248340681,At Risk
CU-11686,0.8167588308854403,Urgent
CU-11687,0.5676609535956336,At Risk
CU-11688,0.1280947006027897,Stable
CU-11689,0.10301295788300581,Stable
CU-11690,0.16833469480044846,Stable
CU-11691,0.3079035775882995,Watching
CU-11692,0.710521093549732,At Risk
CU-11693,0.4338528241672885,Watching
CU-11694,0.31715694002056777,Watching
CU-11695,0.11292724921978788,Stable
CU-11696,0.722656200246228,At Risk
CU-11697,0.3974173401186772,Watching
CU-11698,0.37031066540003477,Watching
CU-11699,0.3336117479814676,Watching
CU-11700,0.6900726546729061,At Risk
CU-11701,0.282934665954679,Stable
CU-11702,0.5324901743866718,Watching
CU-11703,0.09037162663998195,Stable
CU-11704,0.43519571888977565,Watching
CU-11705,0.046133085904207664,Stable
CU-11706,0.07753846747563384,Stable
CU-11707,0.8336985426937638,Urgent
CU-11708,0.036576452473500574,Stable
CU-11709,0.20066856744445047,Stable
CU-11710,0.8417755023192071,Urgent
CU-11711,0.13584408895290112,Stable
CU-11712,0.18155447416201886,Stable
CU-11713,0.29511002217949844,Stable
CU-11714,0.5864703672568702,At Risk
CU-11715,0.2166970317146014,Stable
CU-11716,0.6441084095758891,At Risk
CU-11717,0.814675009538207,Urgent
CU-11718,0.2736219521189736,Stable
CU-11719,0.7512939762494326,Urgent
CU-11720,0.36223738019660573,Watching
CU-11721,0.23270124369502948,Stable
CU-11722,0.22153410868108928,Stable
CU-11723,0.6744071026278263,At Risk
CU-11724,0.32569220054553255,Watching
CU-11725,0.2818222305723351,Stable
CU-11726,0.006795670603381535,Stable
CU-11727,0.028643877621931695,Stable
CU-11728,0.7010190986479489,At Risk
CU-11729,0.2867235422301563,Stable
CU-11730,0.6086247582024729,At Risk
CU-11731,0.08629657650791858,Stable
CU-11732,0.07617683341361692,Stable
CU-11733,0.3508743160563333,Watching
CU-11734,0.4908889202088389,Watching
CU-11735,0.29697644276636487,Stable
CU-11736,0.04295827611611841,Stable
CU-11737,0.5552009885680369,At Risk
CU-11738,0.5747527378836069,At Risk
CU-11739,0.34672183436188864,Watching
CU-11740,0.17736841956236285,Stable
CU-11741,0.29969332313681935,Stable
CU-11742,0.23671526560418182,Stable
CU-11743,0.6495873963942089,At Risk
CU-11744,0.16013468308722595,Stable
CU-11745,0.39143995036128443,Watching
CU-11746,0.44385818855247544,Watching
CU-11747,0.2777341397758485,Stable
CU-11748,0.6268577937005636,At Risk
CU-11749,0.5626884270519388,At Risk
CU-11750,0.7176348554584521,At Risk
CU-11751,0.06958258671398966,Stable
CU-11752,0.2570289568697782,Stable
CU-11753,0.4127710241280845,Watching
CU-11754,0.2874122564925856,Stable
CU-11755,0.09576272914926952,Stable
CU-11756,0.29453620566683675,Stable
CU-11757,0.5539086854517562,At Risk
CU-11758,0.6187839485308289,At Risk
CU-11759,0.40821941779166226,Watching
CU-11760,0.22094249339186717,Stable
CU-11761,0.6282541220039335,At Risk
CU-11762,0.06505413516184315,Stable
CU-11763,0.7638146044820733,Urgent
CU-11764,0.21127476838906883,Stable
CU-11765,0.8732258405015225,Urgent
CU-11766,0.3586168590354111,Watching
CU-11767,0.2546177705224178,Stable
CU-11768,0.6232976270125673,At Risk
CU-11769,0.2337886553236928,Stable
CU-11770,0.7427783407992011,At Risk
CU-11771,0.5539493065704262,At Risk
CU-11772,0.42626155472751837,Watching
CU-11773,0.731441877688637,At Risk
CU-11774,0.6947570187205984,At Risk
CU-11775,0.8388700518478212,Urgent
CU-11776,0.7343725476531107,At Risk
CU-11777,0.21238079053092979,Stable
CU-11778,0.04055967342750313,Stable
CU-11779,0.5282407071103717,Watching
CU-11780,0.10382799309976427,Stable
CU-11781,0.7823724542697267,Urgent
CU-11782,0.8746958333144309,Urgent
CU-11783,0.4839067876444879,Watching
CU-11784,0.3416063261764992,Watching
CU-11785,0.3718760166347415,Watching
CU-11786,0.4944146656870956,Watching
CU-11787,0.0799081163037991,Stable
CU-11788,0.26797483670742356,Stable
CU-11789,0.25122693028977855,Stable
CU-11790,0.04381747045805626,Stable
CU-11791,0.18712375249695887,Stable
CU-11792,0.7436768754144953,At Risk
CU-11793,0.467612081182431,Watching
CU-11794,0.2599726763255996,Stable
CU-11795,0.26336903086247937,Stable
CU-11796,0.02556148714285419,Stable
CU-11797,0.3941028132382969,Watching
CU-11798,0.7438787175043292,At Risk
CU-11799,0.7195852994991042,At Risk
CU-11800,0.23971700553694703,Stable
CU-11801,0.11782865949659911,Stable
CU-11802,0.18571617009174382,Stable
CU-11803,0.5401416838655066,Watching
CU-11804,0.11353356317416911,Stable
CU-11805,0.452164725064145,Watching
CU-11806,0.6816130012267355,At Risk
CU-11807,0.17723979106396462,Stable
CU-11808,0.48430136432339915,Watching
CU-11809,0.5925275748653872,At Risk
CU-11810,0.2376433493553434,Stable
CU-11811,0.3794739905333778,Watching
CU-11812,0.011950268140260864,Stable
CU-11813,0.14708013701384742,Stable
CU-11814,0.5534628202878148,At Risk
CU-11815,0.35367414225787847,Watching
CU-11816,0.6520031591772723,At Risk
CU-11817,0.2093614146629882,Stable
CU-11818,0.26796092756415407,Stable
CU-11819,0.40140252822039474,Watching
CU-11820,0.05315610543682423,Stable
CU-11821,0.7653460130572571,Urgent
CU-11822,0.022301166046390427,Stable
CU-11823,0.5841950246662927,At Risk
CU-11824,0.7861904772058386,Urgent
CU-11825,0.2682858733566002,Stable
CU-11826,0.09941130444027495,Stable
CU-11827,0.08080304280979256,Stable
CU-11828,0.14293453555831329,Stable
CU-11829,0.16875037692734485,Stable
CU-11830,0.8594021923639501,Urgent
CU-11831,0.3064838833842597,Watching
CU-11832,0.7287475952066024,At Risk
CU-11833,0.5916437169367209,At Risk
CU-11834,0.27102610266781335,Stable
CU-11835,0.6491554564593092,At Risk
CU-11836,0.2839536117262215,Stable
CU-11837,0.0496748031414613,Stable
CU-11838,0.19747635146362277,Stable
CU-11839,0.6835493851687314,At Risk
CU-11840,0.42749191140988146,Watching
CU-11841,0.6276280975466102,At Risk
CU-11842,0.24473593899223678,Stable
CU-11843,0.1442640502084275,Stable
CU-11844,0.693539052207498,At Risk
CU-11845,0.3668777227234864,Watching
CU-11846,0.09317478256074227,Stable
CU-11847,0.7964151408052504,Urgent
CU-11848,0.1258713060640054,Stable
CU-11849,0.7912251919788208,Urgent
CU-11850,0.35736565610442156,Watching
CU-11851,0.09987739513266698,Stable
CU-11852,0.33029688783414685,Watching
CU-11853,0.5406704388010332,Watching
CU-11854,0.8468914507972939,Urgent
CU-11855,0.05806825303407514,Stable
CU-11856,0.1915598125037097,Stable
CU-11857,0.08105273406271044,Stable
CU-11858,0.4546531203640366,Watching
CU-11859,0.18214296458229196,Stable
CU-11860,0.7373927634420363,At Risk
CU-11861,0.6170985192302539,At Risk
CU-11862,0.26312583468929474,Stable
CU-11863,0.5316072580210348,Watching
CU-11864,0.3158905994596078,Watching
CU-11865,0.10570971162071527,Stable
CU-11866,0.196212082897235,Stable
CU-11867,0.2061615514820928,Stable
CU-11868,0.5997548458174407,At Risk
CU-11869,0.1499390531149249,Stable
CU-11870,0.030705001499220834,Stable
CU-11871,0.05468293337678754,Stable
CU-11872,0.45708951297379663,Watching
CU-11873,0.5007052048576623,Watching
CU-11874,0.029888864695758625,Stable
CU-11875,0.1506038444514121,Stable
CU-11876,0.14293064548450238,Stable
CU-11877,0.2294477008208104,Stable
CU-11878,0.5920057987409473,At Risk
CU-11879,0.550913663844393,At Risk
CU-11880,0.31473065555823254,Watching
CU-11881,0.22573916197182528,Stable
CU-11882,0.34368283694308316,Watching
CU-11883,0.42552637593721676,Watching
CU-11884,0.6294968901868535,At Risk
CU-11885,0.10755521147106151,Stable
CU-11886,0.1636830596194385,Stable
CU-11887,0.8348875044500339,Urgent
CU-11888,0.26959089723813207,Stable
CU-11889,0.36948009135255927,Watching
CU-11890,0.4483882292740035,Watching
CU-11891,0.2762001866412991,Stable
CU-11892,0.24245440340426183,Stable
CU-11893,0.10383867977635977,Stable
CU-11894,0.4511338967068904,Watching
CU-11895,0.24476250952394651,Stable
CU-11896,0.607145693947639,At Risk
CU-11897,0.18728065040893008,Stable
CU-11898,0.38080490380465676,Watching
CU-11899,0.3038900480038436,Watching
CU-11900,0.31277871946830776,Watching
CU-11901,0.31131819518609405,Watching
CU-11902,0.8528935367938897,Urgent
CU-11903,0.044074786641773125,Stable
CU-11904,0.03112076007008634,Stable
CU-11905,0.023981405070087055,Stable
CU-11906,0.6709073983687802,At Risk
CU-11907,0.8138043605508655,Urgent
CU-11908,0.35095627416592434,Watching
CU-11909,0.7727924800068596,Urgent
CU-11910,0.5314110167508311,Watching
CU-11911,0.5432147192016428,Watching
CU-11912,0.19955360187641316,Stable
CU-11913,0.4746882282613218,Watching
CU-11914,0.1804188577722102,Stable
CU-11915,0.31512709470728595,Watching
CU-11916,0.6479278467550122,At Risk
CU-11917,0.28741361091167333,Stable
CU-11918,0.16636873944300515,Stable
CU-11919,0.2496837408612965,Stable
CU-11920,0.41314854394199824,Watching
CU-11921,0.04682163484814524,Stable
CU-11922,0.050397938808581254,Stable
CU-11923,0.20689201794123055,Stable
CU-11924,0.7600412631554402,Urgent
CU-11925,0.4021458422908684,Watching
CU-11926,0.32392642842450503,Watching
CU-11927,0.4819383604830858,Watching
CU-11928,0.639038299763293,At Risk
CU-11929,0.15146086016144253,Stable
CU-11930,0.5367621090522907,Watching
CU-11931,0.06735339044407757,Stable
CU-11932,0.5408946797001067,Watching
CU-11933,0.054371683076371365,Stable
CU-11934,0.5531403191184797,At Risk
CU-11935,0.04372569687990232,Stable
CU-11936,0.4423374976065433,Watching
CU-11937,0.8468418335882137,Urgent
CU-11938,0.05421135308874855,Stable
CU-11939,0.0418077589326873,Stable
CU-11940,0.35726952156596575,Watching
CU-11941,0.5201463535274002,Watching
CU-11942,0.5344825867615348,Watching
CU-11943,0.17470382116978783,Stable
CU-11944,0.23443960576614023,Stable
CU-11945,0.2519910636134291,Stable
CU-11946,0.3135677920506713,Watching
CU-11947,0.4534981596137394,Watching
CU-11948,0.5526499724235875,At Risk
CU-11949,0.8700972836609522,Urgent
CU-11950,0.5966245584710331,At Risk
CU-11951,0.26100536827935755,Stable
CU-11952,0.06941910626395281,Stable
CU-11953,0.5518482538630847,At Risk
CU-11954,0.782904687148133,Urgent
CU-11955,0.7334551823410936,At Risk
CU-11956,0.44413996748823326,Watching
CU-11957,0.6929825838753262,At Risk
CU-11958,0.23725541982533147,Stable
CU-11959,0.5939882974117495,At Risk
CU-11960,0.0675153770245361,Stable
CU-11961,0.2564007973581057,Stable
CU-11962,0.33830600118319737,Watching
CU-11963,0.7739808501244708,Urgent
CU-11964,0.05886915052158639,Stable
CU-11965,0.49317112508249134,Watching
CU-11966,0.10909066414059308,Stable
CU-11967,0.17648023239719715,Stable
CU-11968,0.10976706887069382,Stable
CU-11969,0.1011139539843427,Stable
CU-11970,0.09552025208161025,Stable
CU-11971,0.06889963397452639,Stable
CU-11972,0.1585501221637336,Stable
CU-11973,0.3245822162920241,Watching
CU-11974,0.24862417436836665,Stable
CU-11975,0.47760542141993595,Watching
CU-11976,0.15924563081601714,Stable
CU-11977,0.505460510203085,Watching
CU-11978,0.5791153977439686,At Risk
CU-11979,0.26809256768517425,Stable
CU-11980,0.06279187644579134,Stable
CU-11981,0.08208248874698018,Stable
CU-11982,0.6962306542921375,At Risk
CU-11983,0.06519129897161831,Stable
CU-11984,0.08941287258293769,Stable
CU-11985,0.8139017824350036,Urgent
CU-11986,0.3449945950380884,Watching
CU-11987,0.058986438859314275,Stable
CU-11988,0.3178564256812424,Watching
CU-11989,0.41231848127610893,Watching
CU-11990,0.2557948530763967,Stable
CU-11991,0.4412649018737149,Watching
CU-11992,0.2140181038502574,Stable
CU-11993,0.3057078891108297,Watching
CU-11994,0.44802237533049943,Watching
CU-11995,0.07463823383526093,Stable
CU-11996,0.18980885541631407,Stable
CU-11997,0.3236455079887632,Watching
CU-11998,0.8341108356559157,Urgent
CU-11999,0.5651424664423231,At Risk
CU-12000,0.008052787031735727,Stable
CU-12001,0.6517100019485426,At Risk
CU-12002,0.4202617266305521,Watching
CU-12003,0.2648983477498513,Stable
CU-12004,0.020461418871828705,Stable
CU-12005,0.8534827329103455,Urgent
CU-12006,0.10362476528766941,Stable
CU-12007,0.35360197076892746,Watching
CU-12008,0.3979879752733951,Watching
CU-12009,0.09659271300172337,Stable
CU-12010,0.4962894761683209,Watching
CU-12011,0.580237223815541,At Risk
CU-12012,0.7869384560324676,Urgent
CU-12013,0.49567463941173395,Watching
CU-12014,0.21573763926786077,Stable
CU-12015,0.1543159125787476,Stable
CU-12016,0.6628362021857628,At Risk
CU-12017,0.6908148107455526,At Risk
CU-12018,0.3134011632660041,Watching
CU-12019,0.14523254905534475,Stable
CU-12020,0.48639570061234333,Watching
CU-12021,0.5866866941447612,At Risk
CU-12022,0.3612937634788788,Watching
CU-12023,0.865002217861159,Urgent
CU-12024,0.038555703631936535,Stable
CU-12025,0.14716557453102289,Stable
CU-12026,0.635163634589699,At Risk
CU-12027,0.6463012089979308,At Risk
CU-12028,0.7107197148784482,At Risk
CU-12029,0.06633570590205908,Stable
CU-12030,0.8867192016422959,Urgent
CU-12031,0.5964181809740771,At Risk
CU-12032,0.4080075924576837,Watching
CU-12033,0.7504863106121729,Urgent
CU-12034,0.6127973618756595,At Risk
CU-12035,0.1406271859238275,Stable
CU-12036,0.7991483708859877,Urgent
CU-12037,0.47942180199874773,Watching
CU-12038,0.161141912169265,Stable
CU-12039,0.5263977328643369,Watching
CU-12040,0.5085486977827877,Watching
CU-12041,0.44688135665239354,Watching
CU-12042,0.01148345387130871,Stable
CU-12043,0.5085720684791384,Watching
CU-12044,0.7699984467438746,Urgent
CU-12045,0.8235047773116616,Urgent
CU-12046,0.24609573816221575,Stable
CU-12047,0.3469821046889865,Watching
CU-12048,0.2049853353621066,Stable
CU-12049,0.6049974464076167,At Risk
CU-12050,0.4250062282472556,Watching
CU-12051,0.19947030581594172,Stable
CU-12052,0.16064876116567794,Stable
CU-12053,0.2922956332028489,Stable
CU-12054,0.1450623660968322,Stable
CU-12055,0.10396942516637635,Stable
CU-12056,0.1446407794188327,Stable
CU-12057,0.13787833649680983,Stable
CU-12058,0.43055137964233514,Watching
CU-12059,0.48734016513261225,Watching
CU-12060,0.079979089840868,Stable
CU-12061,0.2741316978637648,Stable
CU-12062,0.8171867778276626,Urgent
CU-12063,0.6861624559213879,At Risk
CU-12064,0.31792913434175496,Watching
CU-12065,0.4824258348742362,Watching
CU-12066,0.2712742935996099,Stable
CU-12067,0.1786872138560261,Stable
CU-12068,0.31115058048255256,Watching
CU-12069,0.07671149226315101,Stable
CU-12070,0.4686724353107281,Watching
CU-12071,0.09333974649901258,Stable
CU-12072,0.287089679944102,Stable
CU-12073,0.009702554298436885,Stable
CU-12074,0.4659238982345843,Watching
CU-12075,0.47216032825566245,Watching
CU-12076,0.0243193062347832,Stable
CU-12077,0.2864076224125196,Stable
CU-12078,0.457242047442518,Watching
CU-12079,0.16457082575567739,Stable
CU-12080,0.7924581317346246,Urgent
CU-12081,0.18837132881402902,Stable
CU-12082,0.265284099973159,Stable
CU-12083,0.23954162420992126,Stable
CU-12084,0.018653981145138145,Stable
CU-12085,0.48349771247813417,Watching
CU-12086,0.7314127435766395,At Risk
CU-12087,0.22019181948338293,Stable
CU-12088,0.6065601870337317,At Risk
CU-12089,0.5674798098750852,At Risk
CU-12090,0.556086431853933,At Risk
CU-12091,0.6989231829978757,At Risk
CU-12092,0.06204203810305673,Stable
CU-12093,0.6147601367835805,At Risk
CU-12094,0.4057847070446639,Watching
CU-12095,0.19642020248425485,Stable
CU-12096,0.20095439921856867,Stable
CU-12097,0.14907637285415112,Stable
CU-12098,0.24848102308222136,Stable
CU-12099,0.5737054032005587,At Risk
CU-12100,0.11319871224125042,Stable
CU-12101,0.34185370434006945,Watching
CU-12102,0.43972553442231804,Watching
CU-12103,0.08517813142649337,Stable
CU-12104,0.06248982144989789,Stable
CU-12105,0.28046289132668994,Stable
CU-12106,0.49327045438812256,Watching
CU-12107,0.7981358498446369,Urgent
CU-12108,0.8349510284041843,Urgent
CU-12109,0.42037627606683153,Watching
CU-12110,0.7408619651941273,At Risk
CU-12111,0.13801926276518026,Stable
CU-12112,0.7776483743272645,Urgent
CU-12113,0.7037475918971404,At Risk
CU-12114,0.49230757827166755,Watching
CU-12115,0.5488061439349602,Watching
CU-12116,0.5520461223679621,At Risk
CU-12117,0.1445623228500302,Stable
CU-12118,0.12756890654939373,Stable
CU-12119,0.16921900425350958,Stable
CU-12120,0.6180341769915586,At Risk
CU-12121,0.1454783021478662,Stable
CU-12122,0.29000056464996676,Stable
CU-12123,0.17103045280964713,Stable
CU-12124,0.04853212015203436,Stable
CU-12125,0.5295210598203335,Watching
CU-12126,0.5450943803404195,Watching
CU-12127,0.13662206778341437,Stable
CU-12128,0.412858760136907,Watching
CU-12129,0.3442590848873855,Watching
CU-12130,0.03701433817569547,Stable
CU-12131,0.3434795339849852,Watching
CU-12132,0.5602455555576177,At Risk
CU-12133,0.05628419317355983,Stable
CU-12134,0.09143992919141233,Stable
CU-12135,0.2337460353340405,Stable
CU-12136,0.49793655533511727,Watching
CU-12137,0.6236704598141798,At Risk
CU-12138,0.11294503196289113,Stable
CU-12139,0.07897057357841474,Stable
CU-12140,0.2023181820880975,Stable
CU-12141,0.25385464754215015,Stable
CU-12142,0.4581413990010014,Watching
CU-12143,0.46031060510272276,Watching
CU-12144,0.6965912661330897,At Risk
CU-12145,0.3148188414901678,Watching
CU-12146,0.3406112595657098,Watching
CU-12147,0.29112444699865225,Stable
CU-12148,0.2583234943415276,Stable
CU-12149,0.16639956900607686,Stable
CU-12150,0.10115078879946278,Stable
CU-12151,0.07891397437187632,Stable
CU-12152,0.6971982619784914,At Risk
CU-12153,0.5325971052789877,Watching
CU-12154,0.3125136021064567,Watching
CU-12155,0.5772131501851416,At Risk
CU-12156,0.6033397235330636,At Risk
CU-12157,0.2221335193091158,Stable
CU-12158,0.22015542733201138,Stable
CU-12159,0.2720829771000352,Stable
CU-12160,0.12608582123947665,Stable
CU-12161,0.24015391517169465,Stable
CU-12162,0.26703270167526466,Stable
CU-12163,0.34373930655174273,Watching
CU-12164,0.45366669136659754,Watching
CU-12165,0.1298462115292699,Stable
CU-12166,0.43370025303832144,Watching
CU-12167,0.816238031583851,Urgent
CU-12168,0.8347638113075619,Urgent
CU-12169,0.6102305500402798,At Risk
CU-12170,0.8887160289901186,Urgent
CU-12171,0.4947090440973818,Watching
CU-12172,0.23192698417666632,Stable
CU-12173,0.18209597395182495,Stable
CU-12174,0.3016995378419933,Watching
CU-12175,0.22345066162583951,Stable
CU-12176,0.7302752071114554,At Risk
CU-12177,0.7903962277335298,Urgent
CU-12178,0.26246757423540873,Stable
CU-12179,0.15644055476792365,Stable
CU-12180,0.03338078592998613,Stable
CU-12181,0.6340635837741126,At Risk
CU-12182,0.053604385969157085,Stable
CU-12183,0.12652877221437345,Stable
CU-12184,0.2735431368048761,Stable
CU-12185,0.33148344773887956,Watching
CU-12186,0.23859809315972655,Stable
CU-12187,0.0738209844094158,Stable
CU-12188,0.6166351271693115,At Risk
CU-12189,0.7012159458010484,At Risk
CU-12190,0.22464095842046372,Stable
CU-12191,0.5131944145018962,Watching
CU-12192,0.34095751007592007,Watching
CU-12193,0.6990892152285854,At Risk
CU-12194,0.502409972013972,Watching
CU-12195,0.2573637895474149,Stable
CU-12196,0.1596816940344846,Stable
CU-12197,0.17506822815047215,Stable
CU-12198,0.11456191320001508,Stable
CU-12199,0.781198207369205,Urgent
CU-12200,0.482317124920632,Watching
CU-12201,0.055840375345755484,Stable
CU-12202,0.2353983533253322,Stable
CU-12203,0.04902619037772135,Stable
CU-12204,0.10569749262559061,Stable
CU-12205,0.3592144452313558,Watching
CU-12206,0.8137452238375499,Urgent
CU-12207,0.14658492853949595,Stable
CU-12208,0.5168821691694627,Watching
CU-12209,0.23469274732153114,Stable
CU-12210,0.5820124994424317,At Risk
CU-12211,0.11498796344185859,Stable
CU-12212,0.6072259605848555,At Risk
CU-12213,0.24759324977212455,Stable
CU-12214,0.09045135772186787,Stable
CU-12215,0.6089007263911342,At Risk
CU-12216,0.6373319122269515,At Risk
CU-12217,0.22390077280245838,Stable
CU-12218,0.42043538261299673,Watching
CU-12219,0.7985785410576207,Urgent
CU-12220,0.30289531903765726,Watching
CU-12221,0.23425563220937792,Stable
CU-12222,0.20141705228871037,Stable
CU-12223,0.02356168966415931,Stable
CU-12224,0.6120424468885083,At Risk
CU-12225,0.27252958413974193,Stable
CU-12226,0.6003347607344528,At Risk
CU-12227,0.4364513159371073,Watching
CU-12228,0.3966385016761132,Watching
CU-12229,0.4825003442597856,Watching
CU-12230,0.14348287556588565,Stable
CU-12231,0.7278842006017262,At Risk
CU-12232,0.7869894391088287,Urgent
CU-12233,0.8165964945049388,Urgent
CU-12234,0.24522008207595225,Stable
CU-12235,0.24972840841152266,Stable
CU-12236,0.7267356638969018,At Risk
CU-12237,0.7331678825788106,At Risk
CU-12238,0.13188701026929012,Stable
CU-12239,0.6748941503662794,At Risk
CU-12240,0.22056959397079376,Stable
CU-12241,0.23675805959225085,Stable
CU-12242,0.6779225260016988,At Risk
CU-12243,0.3522870572131249,Watching
CU-12244,0.07103790578885555,Stable
CU-12245,0.3323213236522748,Watching
CU-12246,0.5017735567005573,Watching
CU-12247,0.5056272573899784,Watching
CU-12248,0.019803235425302393,Stable
CU-12249,0.7754944806726575,Urgent
CU-12250,0.5447434394672215,Watching
CU-12251,0.7338090561233345,At Risk
CU-12252,0.2150290710610317,Stable
CU-12253,0.888107040814104,Urgent
CU-12254,0.2618362743145373,Stable
CU-12255,0.3849260546128122,Watching
CU-12256,0.10210402948158676,Stable
CU-12257,0.056929083282421584,Stable
CU-12258,0.4927980344369247,Watching
CU-12259,0.16945265046164126,Stable
CU-12260,0.34609882648133067,Watching
CU-12261,0.41385537310700893,Watching
CU-12262,0.39851280486780294,Watching
CU-12263,0.029495602573573452,Stable
CU-12264,0.5471398779403875,Watching
CU-12265,0.38970584789171697,Watching
CU-12266,0.8465936871490545,Urgent
CU-12267,0.052107750235904096,Stable
CU-12268,0.399711865681782,Watching
CU-12269,0.1723342139164032,Stable
CU-12270,0.22051450310737783,Stable
CU-12271,0.621510594174452,At Risk
CU-12272,0.6893626353845016,At Risk
CU-12273,0.5323715652228324,Watching
CU-12274,0.20823633186673668,Stable
CU-12275,0.5053484434955321,Watching
CU-12276,0.43452692666003984,Watching
CU-12277,0.168821349263783,Stable
CU-12278,0.5971293945922175,At Risk
CU-12279,0.3819735648933399,Watching
CU-12280,0.1792509401870739,Stable
CU-12281,0.09819358710791937,Stable
CU-12282,0.33376699553701983,Watching
CU-12283,0.21255851772921494,Stable
CU-12284,0.7155552446829444,At Risk
CU-12285,0.06180215128111902,Stable
CU-12286,0.7052909267452594,At Risk
CU-12287,0.09095845694498775,Stable
CU-12288,0.352308621136307,Watching
CU-12289,0.03743789875549129,Stable
CU-12290,0.4759373613027771,Watching
CU-12291,0.07597818531165684,Stable
CU-12292,0.8814353192374447,Urgent
CU-12293,0.2281897096149932,Stable
CU-12294,0.31592334314756065,Watching
CU-12295,0.2395327693842852,Stable
CU-12296,0.4629058918144675,Watching
CU-12297,0.8988374756897025,Urgent
CU-12298,0.6712766855647719,At Risk
CU-12299,0.7232295113991,At Risk
CU-12300,0.2750475424219465,Stable
CU-12301,0.472769942310005,Watching
CU-12302,0.8578810592942342,Urgent
CU-12303,0.36525791177295847,Watching
CU-12304,0.12811441558003236,Stable
CU-12305,0.42317024454114127,Watching
CU-12306,0.0541690804253934,Stable
CU-12307,0.667215410585886,At Risk
CU-12308,0.063179108238186,Stable
CU-12309,0.10288659506275934,Stable
CU-12310,0.05610546235675071,Stable
CU-12311,0.24073582314414943,Stable
CU-12312,0.4290613303867255,Watching
CU-12313,0.17739305485634368,Stable
CU-12314,0.5057630313960825,Watching
CU-12315,0.4214474824170178,Watching
CU-12316,0.7921833714756652,Urgent
CU-12317,0.04752314396723445,Stable
CU-12318,0.28178250985485076,Stable
CU-12319,0.20036554578716115,Stable
CU-12320,0.18093184998627068,Stable
CU-12321,0.7007449541147605,At Risk
CU-12322,0.1871171468774376,Stable
CU-12323,0.30280614503039455,Watching
CU-12324,0.1310639913652947,Stable
CU-12325,0.16229860295205367,Stable
CU-12326,0.3322551768910101,Watching
CU-12327,0.7063748687636331,At Risk
CU-12328,0.32018586557009543,Watching
CU-12329,0.4677567189881916,Watching
CU-12330,0.6359896190585544,At Risk
CU-12331,0.12486989516914113,Stable
CU-12332,0.09314362909103105,Stable
CU-12333,0.15025799903750722,Stable
CU-12334,0.40734254221101335,Watching
CU-12335,0.4377204770205295,Watching
CU-12336,0.7103402837340009,At Risk
CU-12337,0.6646794838252618,At Risk
CU-12338,0.06097194504428302,Stable
CU-12339,0.47923454391054177,Watching
CU-12340,0.6586916559484949,At Risk
CU-12341,0.5310703568288863,Watching
CU-12342,0.7644540960175911,Urgent
CU-12343,0.5409800380005909,Watching
CU-12344,0.26430009493739326,Stable
CU-12345,0.30912651761790644,Watching
CU-12346,0.5880435168556931,At Risk
CU-12347,0.27069880881369,Stable
CU-12348,0.5413935827425644,Watching
CU-12349,0.044802470126127654,Stable
CU-12350,0.2846725120905966,Stable
CU-12351,0.5501058153674094,At Risk
CU-12352,0.5781362033994577,At Risk
CU-12353,0.21593189028276213,Stable
CU-12354,0.5294128052268056,Watching
CU-12355,0.14276714717177424,Stable
CU-12356,0.17557464701983477,Stable
CU-12357,0.012416552056169976,Stable
CU-12358,0.41280975032472733,Watching
CU-12359,0.132351259235847,Stable
CU-12360,0.6168386132641823,At Risk
CU-12361,0.02359419933730497,Stable
CU-12362,0.03693800636235347,Stable
CU-12363,0.46921085721351874,Watching
CU-12364,0.021359156965124058,Stable
CU-12365,0.09385031379582927,Stable
CU-12366,0.37790089263246784,Watching
CU-12367,0.3063900504268943,Watching
CU-12368,0.5993960552196878,At Risk
CU-12369,0.11716133138043257,Stable
CU-12370,0.6534060112115406,At Risk
CU-12371,0.11056942481201013,Stable
CU-12372,0.3607379120722271,Watching
CU-12373,0.05579416251378578,Stable
CU-12374,0.2807067525408177,Stable
CU-12375,0.1303249707731859,Stable
CU-12376,0.4525251081344759,Watching
CU-12377,0.641606888697452,At Risk
CU-12378,0.6575300950337936,At Risk
CU-12379,0.05746343572380671,Stable
CU-12380,0.7254782545823932,At Risk
CU-12381,0.7600516070983246,Urgent
CU-12382,0.6069828154860044,At Risk
CU-12383,0.7735766775762288,Urgent
CU-12384,0.2980131846694705,Stable
CU-12385,0.04190796432827461,Stable
CU-12386,0.6042334172070514,At Risk
CU-12387,0.02592940590391986,Stable
CU-12388,0.5099976084557503,Watching
CU-12389,0.2258119181280265,Stable
CU-12390,0.7467873706457291,At Risk
CU-12391,0.3060934002287943,Watching
CU-12392,0.805823213655655,Urgent
CU-12393,0.21383873633221578,Stable
CU-12394,0.1684221952285389,Stable
CU-12395,0.6996288454529141,At Risk
CU-12396,0.04281180468517938,Stable
CU-12397,0.18693865465490253,Stable
CU-12398,0.2641385252520176,Stable
CU-12399,0.48858405954579703,Watching
CU-12400,0.24002101353934668,Stable
CU-12401,0.7519224548206896,Urgent
CU-12402,0.4882287104611529,Watching
CU-12403,0.8022897017842038,Urgent
CU-12404,0.39852621750564043,Watching
CU-12405,0.40369623303541113,Watching
CU-12406,0.16817227687774863,Stable
CU-12407,0.08351380844769087,Stable
CU-12408,0.6343730470232278,At Risk
CU-12409,0.726891402915547,At Risk
CU-12410,0.6563692791778543,At Risk
CU-12411,0.4348533973587207,Watching
CU-12412,0.672310534729925,At Risk
CU-12413,0.7463891111502559,At Risk
CU-12414,0.5444474732988344,Watching
CU-12415,0.3282650477366232,Watching
CU-12416,0.28255543673719413,Stable
CU-12417,0.27174056138290364,Stable
CU-12418,0.06528229320740501,Stable
CU-12419,0.2339698126877861,Stable
CU-12420,0.27297353842969885,Stable
CU-12421,0.01651486114690013,Stable
CU-12422,0.2093393905711657,Stable
CU-12423,0.3931398334440368,Watching
CU-12424,0.11140085418764964,Stable
CU-12425,0.055298892299922256,Stable
CU-12426,0.4154030587298876,Watching
CU-12427,0.6934714858870511,At Risk
CU-12428,0.4638144505291433,Watching
CU-12429,0.5361394538578385,Watching
CU-12430,0.5079339863082674,Watching
CU-12431,0.04977674288543976,Stable
CU-12432,0.23952928198097306,Stable
CU-12433,0.27354838598982556,Stable
CU-12434,0.12111391424134603,Stable
CU-12435,0.7490347569938846,At Risk
CU-12436,0.21309413518664583,Stable
CU-12437,0.709023474292267,At Risk
CU-12438,0.6596397365595745,At Risk
CU-12439,0.7886569745049767,Urgent
CU-12440,0.8602873284145012,Urgent
CU-12441,0.2521707656843074,Stable
CU-12442,0.7263503319494355,At Risk
CU-12443,0.8469417474486586,Urgent
CU-12444,0.1476586175021796,Stable
CU-12445,0.22002965043353515,Stable
CU-12446,0.41890767392509776,Watching
CU-12447,0.10016592292631613,Stable
CU-12448,0.6827896596366054,At Risk
CU-12449,0.4814692448993508,Watching
CU-12450,0.339895063064508,Watching
CU-12451,0.7340466986768446,At Risk
CU-12452,0.1840588816296701,Stable
CU-12453,0.1431307261643096,Stable
CU-12454,0.7568594125502769,Urgent
CU-12455,0.13976994822364247,Stable
CU-12456,0.6315699839762563,At Risk
CU-12457,0.10509374228440906,Stable
CU-12458,0.5000863170633442,Watching
CU-12459,0.24124663716915343,Stable
CU-12460,0.4597954908175099,Watching
CU-12461,0.30437582162515714,Watching
CU-12462,0.433417164910888,Watching
CU-12463,0.47027408250305075,Watching
CU-12464,0.03220532616988575,Stable
CU-12465,0.4478241839883668,Watching
CU-12466,0.11125976522146973,Stable
CU-12467,0.20020034607126647,Stable
CU-12468,0.4347459833884948,Watching
CU-12469,0.4127400167843933,Watching
CU-12470,0.06824662217816392,Stable
CU-12471,0.5203314829437407,Watching
CU-12472,0.37777631913301457,Watching
CU-12473,0.4750724576005852,Watching
CU-12474,0.2421989231537344,Stable
CU-12475,0.2853856234386194,Stable
CU-12476,0.17830864430223184,Stable
CU-12477,0.35971810939709103,Watching
CU-12478,0.10724711186522443,Stable
CU-12479,0.1243219021079311,Stable
CU-12480,0.1368671248383864,Stable
CU-12481,0.366330157267817,Watching
CU-12482,0.03290333495317631,Stable
CU-12483,0.01256311648459872,Stable
CU-12484,0.4869237099716777,Watching
CU-12485,0.07207246795073936,Stable
CU-12486,0.44122625638089596,Watching
CU-12487,0.4733203541885242,Watching
CU-12488,0.22147816899307365,Stable
CU-12489,0.17964724920217512,Stable
CU-12490,0.15888626671579653,Stable
CU-12491,0.04836288779753645,Stable
CU-12492,0.1794149531951622,Stable
CU-12493,0.10251916630349744,Stable
CU-12494,0.35313845699838525,Watching
CU-12495,0.09819203726489553,Stable
CU-12496,0.5340631263984432,Watching
CU-12497,0.5301617700233278,Watching
CU-12498,0.5985483644627144,At Risk
CU-12499,0.23374614402683508,Stable
